,clusters
0,3.0
1,3.0
2,3.0
3,3.0
4,3.0
5,3.0
6,3.0
7,3.0
8,3.0
9,3.0
10,3.0
11,3.0
12,3.0
13,3.0
14,3.0
15,3.0
16,3.0
17,3.0
18,3.0
19,3.0
20,3.0
21,3.0
22,3.0
23,3.0
24,3.0
25,3.0
26,3.0
27,3.0
28,3.0
29,3.0
30,3.0
31,3.0
32,3.0
33,3.0
34,3.0
35,3.0
36,3.0
37,3.0
38,3.0
39,3.0
40,3.0
41,3.0
42,3.0
43,3.0
44,3.0
45,3.0
46,3.0
47,3.0
48,3.0
49,3.0
50,3.0
51,3.0
52,3.0
53,3.0
54,3.0
55,3.0
56,3.0
57,3.0
58,3.0
59,3.0
60,3.0
61,3.0
62,3.0
63,3.0
64,3.0
65,3.0
66,3.0
67,3.0
68,3.0
69,3.0
70,3.0
71,3.0
72,3.0
73,3.0
74,3.0
75,3.0
76,3.0
77,3.0
78,3.0
79,3.0
80,3.0
81,3.0
82,3.0
83,3.0
84,3.0
85,3.0
86,3.0
87,3.0
88,3.0
89,3.0
90,3.0
91,3.0
92,3.0
93,3.0
94,3.0
95,3.0
96,3.0
97,3.0
98,3.0
99,3.0
100,3.0
101,3.0
102,3.0
103,3.0
104,3.0
105,3.0
106,3.0
107,3.0
108,3.0
109,3.0
110,3.0
111,3.0
112,3.0
113,3.0
114,3.0
115,3.0
116,3.0
117,3.0
118,3.0
119,3.0
120,3.0
121,3.0
122,3.0
123,3.0
124,3.0
125,3.0
126,3.0
127,3.0
128,3.0
129,3.0
130,3.0
131,3.0
132,3.0
133,3.0
134,3.0
135,3.0
136,3.0
137,3.0
138,3.0
139,3.0
140,3.0
141,3.0
142,3.0
143,3.0
144,3.0
145,3.0
146,3.0
147,3.0
148,3.0
149,3.0
150,3.0
151,3.0
152,3.0
153,3.0
154,3.0
155,3.0
156,3.0
157,3.0
158,3.0
159,3.0
160,3.0
161,3.0
162,3.0
163,3.0
164,3.0
165,3.0
166,3.0
167,3.0
168,3.0
169,3.0
170,3.0
171,3.0
172,3.0
173,3.0
174,3.0
175,3.0
176,3.0
177,3.0
178,3.0
179,3.0
180,3.0
181,3.0
182,3.0
183,3.0
184,3.0
185,3.0
186,3.0
187,3.0
188,3.0
189,3.0
190,3.0
191,3.0
192,3.0
193,3.0
194,3.0
195,3.0
196,3.0
197,3.0
198,3.0
199,3.0
200,3.0
201,3.0
202,3.0
203,3.0
204,3.0
205,3.0
206,3.0
207,3.0
208,3.0
209,3.0
210,3.0
211,3.0
212,3.0
213,3.0
214,3.0
215,3.0
216,3.0
217,3.0
218,3.0
219,3.0
220,3.0
221,3.0
222,3.0
223,3.0
224,3.0
225,3.0
226,3.0
227,3.0
228,3.0
229,3.0
230,3.0
231,3.0
232,3.0
233,3.0
234,3.0
235,3.0
236,3.0
237,3.0
238,3.0
239,3.0
240,3.0
241,3.0
242,3.0
243,3.0
244,3.0
245,3.0
246,3.0
247,3.0
248,3.0
249,3.0
250,3.0
251,3.0
252,3.0
253,3.0
254,3.0
255,3.0
256,3.0
257,3.0
258,3.0
259,3.0
260,3.0
261,3.0
262,3.0
263,3.0
264,3.0
265,3.0
266,3.0
267,3.0
268,3.0
269,3.0
270,3.0
271,3.0
272,3.0
273,3.0
274,3.0
275,3.0
276,3.0
277,3.0
278,3.0
279,3.0
280,3.0
281,3.0
282,3.0
283,3.0
284,3.0
285,3.0
286,3.0
287,3.0
288,3.0
289,3.0
290,3.0
291,3.0
292,3.0
293,3.0
294,3.0
295,3.0
296,3.0
297,3.0
298,3.0
299,3.0
300,3.0
301,3.0
302,3.0
303,3.0
304,3.0
305,3.0
306,3.0
307,3.0
308,3.0
309,3.0
310,3.0
311,3.0
312,3.0
313,3.0
314,3.0
315,3.0
316,3.0
317,3.0
318,3.0
319,3.0
320,3.0
321,3.0
322,3.0
323,3.0
324,3.0
325,3.0
326,3.0
327,3.0
328,3.0
329,3.0
330,3.0
331,3.0
332,3.0
333,3.0
334,3.0
335,3.0
336,3.0
337,3.0
338,3.0
339,3.0
340,3.0
341,3.0
342,3.0
343,3.0
344,3.0
345,3.0
346,3.0
347,3.0
348,3.0
349,3.0
350,3.0
351,3.0
352,3.0
353,3.0
354,3.0
355,3.0
356,3.0
357,3.0
358,3.0
359,3.0
360,3.0
361,3.0
362,3.0
363,3.0
364,3.0
365,3.0
366,3.0
367,3.0
368,3.0
369,3.0
370,3.0
371,3.0
372,3.0
373,3.0
374,3.0
375,3.0
376,3.0
377,3.0
378,3.0
379,3.0
380,3.0
381,3.0
382,3.0
383,3.0
384,3.0
385,3.0
386,3.0
387,3.0
388,3.0
389,3.0
390,3.0
391,3.0
392,3.0
393,3.0
394,3.0
395,3.0
396,3.0
397,3.0
398,3.0
399,3.0
400,3.0
401,3.0
402,3.0
403,3.0
404,3.0
405,3.0
406,3.0
407,3.0
408,3.0
409,3.0
410,3.0
411,3.0
412,3.0
413,3.0
414,3.0
415,3.0
416,3.0
417,3.0
418,3.0
419,3.0
420,3.0
421,3.0
422,3.0
423,3.0
424,3.0
425,3.0
426,3.0
427,3.0
428,3.0
429,3.0
430,3.0
431,3.0
432,3.0
433,3.0
434,3.0
435,3.0
436,3.0
437,3.0
438,3.0
439,3.0
440,3.0
441,3.0
442,3.0
443,3.0
444,3.0
445,3.0
446,3.0
447,3.0
448,3.0
449,3.0
450,3.0
451,3.0
452,3.0
453,3.0
454,3.0
455,3.0
456,3.0
457,3.0
458,3.0
459,3.0
460,3.0
461,3.0
462,3.0
463,3.0
464,3.0
465,3.0
466,3.0
467,3.0
468,3.0
469,3.0
470,3.0
471,3.0
472,3.0
473,3.0
474,3.0
475,3.0
476,3.0
477,3.0
478,3.0
479,3.0
480,3.0
481,3.0
482,3.0
483,3.0
484,3.0
485,3.0
486,3.0
487,3.0
488,3.0
489,3.0
490,3.0
491,3.0
492,3.0
493,3.0
494,3.0
495,3.0
496,3.0
497,3.0
498,3.0
499,3.0
500,3.0
501,3.0
502,3.0
503,3.0
504,3.0
505,3.0
506,3.0
507,3.0
508,3.0
509,3.0
510,3.0
511,3.0
512,3.0
513,3.0
514,3.0
515,3.0
516,3.0
517,3.0
518,3.0
519,3.0
520,3.0
521,3.0
522,3.0
523,3.0
524,3.0
525,3.0
526,3.0
527,3.0
528,3.0
529,3.0
530,3.0
531,3.0
532,3.0
533,3.0
534,3.0
535,3.0
536,3.0
537,3.0
538,3.0
539,3.0
540,3.0
541,3.0
542,3.0
543,3.0
544,3.0
545,3.0
546,3.0
547,3.0
548,3.0
549,3.0
550,3.0
551,3.0
552,3.0
553,3.0
554,3.0
555,3.0
556,3.0
557,3.0
558,3.0
559,3.0
560,3.0
561,3.0
562,3.0
563,3.0
564,3.0
565,3.0
566,3.0
567,3.0
568,3.0
569,3.0
570,3.0
571,3.0
572,3.0
573,3.0
574,3.0
575,3.0
576,3.0
577,3.0
578,3.0
579,3.0
580,3.0
581,3.0
582,3.0
583,3.0
584,3.0
585,3.0
586,3.0
587,3.0
588,3.0
589,3.0
590,3.0
591,3.0
592,3.0
593,3.0
594,3.0
595,3.0
596,3.0
597,3.0
598,3.0
599,3.0
600,3.0
601,3.0
602,3.0
603,3.0
604,3.0
605,3.0
606,3.0
607,3.0
608,3.0
609,3.0
610,3.0
611,3.0
612,3.0
613,3.0
614,3.0
615,3.0
616,3.0
617,3.0
618,3.0
619,3.0
620,3.0
621,3.0
622,3.0
623,3.0
624,3.0
625,3.0
626,3.0
627,3.0
628,3.0
629,3.0
630,3.0
631,3.0
632,3.0
633,3.0
634,3.0
635,3.0
636,3.0
637,3.0
638,3.0
639,3.0
640,3.0
641,3.0
642,3.0
643,3.0
644,3.0
645,3.0
646,3.0
647,3.0
648,3.0
649,3.0
650,3.0
651,3.0
652,3.0
653,3.0
654,3.0
655,3.0
656,3.0
657,3.0
658,3.0
659,3.0
660,3.0
661,3.0
662,3.0
663,3.0
664,3.0
665,3.0
666,3.0
667,3.0
668,3.0
669,3.0
670,3.0
671,3.0
672,3.0
673,3.0
674,3.0
675,3.0
676,3.0
677,3.0
678,3.0
679,3.0
680,3.0
681,3.0
682,3.0
683,3.0
684,3.0
685,3.0
686,3.0
687,3.0
688,3.0
689,3.0
690,3.0
691,3.0
692,3.0
693,3.0
694,3.0
695,3.0
696,3.0
697,3.0
698,3.0
699,3.0
700,3.0
701,3.0
702,3.0
703,3.0
704,3.0
705,3.0
706,3.0
707,3.0
708,3.0
709,3.0
710,3.0
711,3.0
712,3.0
713,3.0
714,3.0
715,3.0
716,3.0
717,3.0
718,3.0
719,3.0
720,3.0
721,3.0
722,3.0
723,3.0
724,3.0
725,3.0
726,3.0
727,3.0
728,3.0
729,3.0
730,3.0
731,3.0
732,3.0
733,3.0
734,3.0
735,3.0
736,3.0
737,3.0
738,3.0
739,3.0
740,3.0
741,3.0
742,3.0
743,3.0
744,3.0
745,3.0
746,3.0
747,3.0
748,3.0
749,3.0
750,3.0
751,3.0
752,3.0
753,3.0
754,3.0
755,3.0
756,3.0
757,3.0
758,3.0
759,3.0
760,3.0
761,3.0
762,3.0
763,3.0
764,3.0
765,3.0
766,3.0
767,3.0
768,3.0
769,3.0
770,3.0
771,3.0
772,3.0
773,3.0
774,3.0
775,3.0
776,3.0
777,3.0
778,3.0
779,3.0
780,3.0
781,3.0
782,3.0
783,3.0
784,3.0
785,3.0
786,3.0
787,3.0
788,3.0
789,3.0
790,3.0
791,3.0
792,3.0
793,3.0
794,3.0
795,3.0
796,3.0
797,3.0
798,3.0
799,3.0
800,3.0
801,3.0
802,3.0
803,3.0
804,3.0
805,3.0
806,3.0
807,3.0
808,3.0
809,3.0
810,3.0
811,3.0
812,3.0
813,3.0
814,3.0
815,3.0
816,3.0
817,3.0
818,3.0
819,3.0
820,3.0
821,3.0
822,3.0
823,3.0
824,3.0
825,3.0
826,3.0
827,3.0
828,3.0
829,3.0
830,3.0
831,3.0
832,3.0
833,3.0
834,3.0
835,3.0
836,3.0
837,3.0
838,3.0
839,3.0
840,3.0
841,3.0
842,3.0
843,3.0
844,3.0
845,3.0
846,3.0
847,3.0
848,3.0
849,3.0
850,3.0
851,3.0
852,3.0
853,3.0
854,3.0
855,3.0
856,3.0
857,3.0
858,3.0
859,3.0
860,3.0
861,3.0
862,3.0
863,3.0
864,3.0
865,3.0
866,3.0
867,3.0
868,3.0
869,3.0
870,3.0
871,3.0
872,3.0
873,3.0
874,3.0
875,3.0
876,3.0
877,3.0
878,3.0
879,3.0
880,3.0
881,3.0
882,3.0
883,3.0
884,3.0
885,3.0
886,3.0
887,3.0
888,3.0
889,3.0
890,3.0
891,3.0
892,3.0
893,3.0
894,3.0
895,3.0
896,3.0
897,3.0
898,3.0
899,3.0
900,3.0
901,3.0
902,3.0
903,3.0
904,3.0
905,3.0
906,3.0
907,3.0
908,3.0
909,3.0
910,3.0
911,3.0
912,3.0
913,3.0
914,3.0
915,3.0
916,3.0
917,3.0
918,3.0
919,3.0
920,3.0
921,3.0
922,3.0
923,3.0
924,3.0
925,3.0
926,3.0
927,3.0
928,3.0
929,3.0
930,3.0
931,3.0
932,3.0
933,3.0
934,3.0
935,3.0
936,3.0
937,3.0
938,3.0
939,3.0
940,3.0
941,3.0
942,3.0
943,3.0
944,3.0
945,3.0
946,3.0
947,3.0
948,3.0
949,3.0
950,3.0
951,3.0
952,3.0
953,3.0
954,3.0
955,3.0
956,3.0
957,3.0
958,3.0
959,3.0
960,3.0
961,3.0
962,3.0
963,3.0
964,3.0
965,3.0
966,3.0
967,3.0
968,3.0
969,3.0
970,3.0
971,3.0
972,3.0
973,3.0
974,3.0
975,3.0
976,3.0
977,3.0
978,3.0
979,3.0
980,3.0
981,3.0
982,3.0
983,3.0
984,3.0
985,3.0
986,3.0
987,3.0
988,3.0
989,3.0
990,3.0
991,3.0
992,3.0
993,3.0
994,3.0
995,3.0
996,3.0
997,3.0
998,3.0
999,3.0
1000,3.0
1001,3.0
1002,3.0
1003,3.0
1004,3.0
1005,3.0
1006,3.0
1007,3.0
1008,3.0
1009,3.0
1010,3.0
1011,3.0
1012,3.0
1013,3.0
1014,3.0
1015,3.0
1016,3.0
1017,3.0
1018,3.0
1019,3.0
1020,3.0
1021,3.0
1022,3.0
1023,3.0
1024,3.0
1025,3.0
1026,3.0
1027,3.0
1028,3.0
1029,3.0
1030,3.0
1031,3.0
1032,3.0
1033,3.0
1034,3.0
1035,3.0
1036,3.0
1037,3.0
1038,3.0
1039,3.0
1040,3.0
1041,3.0
1042,3.0
1043,3.0
1044,3.0
1045,3.0
1046,3.0
1047,3.0
1048,3.0
1049,3.0
1050,3.0
1051,3.0
1052,3.0
1053,3.0
1054,3.0
1055,3.0
1056,3.0
1057,3.0
1058,3.0
1059,3.0
1060,3.0
1061,3.0
1062,3.0
1063,3.0
1064,3.0
1065,3.0
1066,3.0
1067,3.0
1068,3.0
1069,3.0
1070,3.0
1071,3.0
1072,3.0
1073,3.0
1074,3.0
1075,3.0
1076,3.0
1077,3.0
1078,3.0
1079,3.0
1080,3.0
1081,3.0
1082,3.0
1083,3.0
1084,3.0
1085,3.0
1086,3.0
1087,3.0
1088,3.0
1089,3.0
1090,3.0
1091,3.0
1092,3.0
1093,3.0
1094,3.0
1095,3.0
1096,3.0
1097,3.0
1098,3.0
1099,3.0
1100,3.0
1101,3.0
1102,3.0
1103,3.0
1104,3.0
1105,3.0
1106,3.0
1107,3.0
1108,3.0
1109,3.0
1110,3.0
1111,3.0
1112,3.0
1113,3.0
1114,3.0
1115,3.0
1116,3.0
1117,3.0
1118,3.0
1119,3.0
1120,3.0
1121,3.0
1122,3.0
1123,3.0
1124,3.0
1125,3.0
1126,3.0
1127,3.0
1128,3.0
1129,3.0
1130,3.0
1131,3.0
1132,3.0
1133,3.0
1134,3.0
1135,3.0
1136,3.0
1137,3.0
1138,3.0
1139,3.0
1140,3.0
1141,3.0
1142,3.0
1143,3.0
1144,3.0
1145,3.0
1146,3.0
1147,3.0
1148,3.0
1149,3.0
1150,3.0
1151,3.0
1152,3.0
1153,3.0
1154,3.0
1155,3.0
1156,3.0
1157,3.0
1158,3.0
1159,3.0
1160,3.0
1161,3.0
1162,3.0
1163,3.0
1164,3.0
1165,3.0
1166,3.0
1167,3.0
1168,3.0
1169,3.0
1170,3.0
1171,3.0
1172,3.0
1173,3.0
1174,3.0
1175,3.0
1176,3.0
1177,3.0
1178,3.0
1179,3.0
1180,3.0
1181,3.0
1182,3.0
1183,3.0
1184,3.0
1185,3.0
1186,3.0
1187,3.0
1188,3.0
1189,3.0
1190,3.0
1191,3.0
1192,3.0
1193,3.0
1194,3.0
1195,3.0
1196,3.0
1197,3.0
1198,3.0
1199,3.0
1200,3.0
1201,3.0
1202,3.0
1203,3.0
1204,3.0
1205,3.0
1206,3.0
1207,3.0
1208,3.0
1209,3.0
1210,3.0
1211,3.0
1212,3.0
1213,3.0
1214,3.0
1215,3.0
1216,3.0
1217,3.0
1218,3.0
1219,3.0
1220,3.0
1221,3.0
1222,3.0
1223,3.0
1224,3.0
1225,3.0
1226,3.0
1227,3.0
1228,3.0
1229,3.0
1230,3.0
1231,3.0
1232,3.0
1233,3.0
1234,3.0
1235,3.0
1236,3.0
1237,3.0
1238,3.0
1239,3.0
1240,3.0
1241,3.0
1242,3.0
1243,3.0
1244,3.0
1245,3.0
1246,3.0
1247,3.0
1248,3.0
1249,3.0
1250,3.0
1251,3.0
1252,3.0
1253,3.0
1254,3.0
1255,3.0
1256,3.0
1257,3.0
1258,3.0
1259,3.0
1260,3.0
1261,3.0
1262,3.0
1263,3.0
1264,3.0
1265,3.0
1266,3.0
1267,3.0
1268,3.0
1269,3.0
1270,3.0
1271,3.0
1272,3.0
1273,3.0
1274,3.0
1275,3.0
1276,3.0
1277,3.0
1278,3.0
1279,3.0
1280,3.0
1281,3.0
1282,3.0
1283,3.0
1284,3.0
1285,3.0
1286,3.0
1287,3.0
1288,3.0
1289,3.0
1290,3.0
1291,3.0
1292,3.0
1293,3.0
1294,3.0
1295,3.0
1296,3.0
1297,3.0
1298,3.0
1299,3.0
1300,3.0
1301,3.0
1302,3.0
1303,3.0
1304,3.0
1305,3.0
1306,3.0
1307,3.0
1308,3.0
1309,3.0
1310,3.0
1311,3.0
1312,3.0
1313,3.0
1314,3.0
1315,3.0
1316,3.0
1317,3.0
1318,3.0
1319,3.0
1320,3.0
1321,3.0
1322,3.0
1323,3.0
1324,3.0
1325,3.0
1326,3.0
1327,3.0
1328,3.0
1329,3.0
1330,3.0
1331,3.0
1332,3.0
1333,3.0
1334,3.0
1335,3.0
1336,3.0
1337,3.0
1338,3.0
1339,3.0
1340,3.0
1341,3.0
1342,3.0
1343,3.0
1344,3.0
1345,3.0
1346,3.0
1347,3.0
1348,3.0
1349,3.0
1350,3.0
1351,3.0
1352,3.0
1353,3.0
1354,3.0
1355,3.0
1356,3.0
1357,3.0
1358,3.0
1359,3.0
1360,3.0
1361,3.0
1362,3.0
1363,3.0
1364,3.0
1365,3.0
1366,3.0
1367,3.0
1368,3.0
1369,3.0
1370,3.0
1371,3.0
1372,3.0
1373,3.0
1374,3.0
1375,3.0
1376,3.0
1377,3.0
1378,3.0
1379,3.0
1380,3.0
1381,3.0
1382,3.0
1383,3.0
1384,3.0
1385,3.0
1386,3.0
1387,3.0
1388,3.0
1389,3.0
1390,3.0
1391,3.0
1392,3.0
1393,3.0
1394,3.0
1395,3.0
1396,3.0
1397,3.0
1398,3.0
1399,3.0
1400,3.0
1401,3.0
1402,3.0
1403,3.0
1404,3.0
1405,3.0
1406,3.0
1407,3.0
1408,3.0
1409,3.0
1410,3.0
1411,3.0
1412,3.0
1413,3.0
1414,3.0
1415,3.0
1416,3.0
1417,3.0
1418,3.0
1419,3.0
1420,3.0
1421,3.0
1422,3.0
1423,3.0
1424,3.0
1425,3.0
1426,3.0
1427,3.0
1428,3.0
1429,3.0
1430,3.0
1431,3.0
1432,3.0
1433,3.0
1434,3.0
1435,3.0
1436,3.0
1437,3.0
1438,3.0
1439,3.0
1440,3.0
1441,3.0
1442,3.0
1443,3.0
1444,3.0
1445,3.0
1446,3.0
1447,3.0
1448,3.0
1449,3.0
1450,3.0
1451,3.0
1452,3.0
1453,3.0
1454,3.0
1455,3.0
1456,3.0
1457,3.0
1458,3.0
1459,3.0
1460,3.0
1461,3.0
1462,3.0
1463,3.0
1464,3.0
1465,3.0
1466,3.0
1467,3.0
1468,3.0
1469,3.0
1470,3.0
1471,3.0
1472,3.0
1473,3.0
1474,3.0
1475,3.0
1476,3.0
1477,3.0
1478,3.0
1479,3.0
1480,3.0
1481,3.0
1482,3.0
1483,3.0
1484,3.0
1485,3.0
1486,3.0
1487,3.0
1488,3.0
1489,3.0
1490,3.0
1491,3.0
1492,3.0
1493,3.0
1494,3.0
1495,3.0
1496,3.0
1497,3.0
1498,3.0
1499,3.0
1500,3.0
1501,3.0
1502,3.0
1503,3.0
1504,3.0
1505,3.0
1506,3.0
1507,3.0
1508,3.0
1509,3.0
1510,3.0
1511,3.0
1512,3.0
1513,3.0
1514,3.0
1515,3.0
1516,3.0
1517,3.0
1518,3.0
1519,3.0
1520,3.0
1521,3.0
1522,3.0
1523,3.0
1524,3.0
1525,3.0
1526,3.0
1527,3.0
1528,3.0
1529,3.0
1530,3.0
1531,3.0
1532,3.0
1533,3.0
1534,3.0
1535,3.0
1536,3.0
1537,3.0
1538,3.0
1539,3.0
1540,3.0
1541,3.0
1542,3.0
1543,3.0
1544,3.0
1545,3.0
1546,3.0
1547,3.0
1548,3.0
1549,3.0
1550,3.0
1551,3.0
1552,3.0
1553,3.0
1554,3.0
1555,3.0
1556,3.0
1557,3.0
1558,3.0
1559,3.0
1560,3.0
1561,3.0
1562,3.0
1563,3.0
1564,3.0
1565,3.0
1566,3.0
1567,3.0
1568,3.0
1569,3.0
1570,3.0
1571,3.0
1572,3.0
1573,3.0
1574,3.0
1575,3.0
1576,3.0
1577,3.0
1578,3.0
1579,3.0
1580,3.0
1581,3.0
1582,3.0
1583,3.0
1584,3.0
1585,3.0
1586,3.0
1587,3.0
1588,3.0
1589,3.0
1590,3.0
1591,3.0
1592,3.0
1593,3.0
1594,3.0
1595,3.0
1596,3.0
1597,3.0
1598,3.0
1599,3.0
1600,3.0
1601,3.0
1602,3.0
1603,3.0
1604,3.0
1605,3.0
1606,3.0
1607,3.0
1608,3.0
1609,3.0
1610,3.0
1611,3.0
1612,3.0
1613,3.0
1614,3.0
1615,3.0
1616,3.0
1617,3.0
1618,3.0
1619,3.0
1620,3.0
1621,3.0
1622,3.0
1623,3.0
1624,3.0
1625,3.0
1626,3.0
1627,3.0
1628,3.0
1629,3.0
1630,3.0
1631,3.0
1632,3.0
1633,3.0
1634,3.0
1635,3.0
1636,3.0
1637,3.0
1638,3.0
1639,3.0
1640,3.0
1641,3.0
1642,3.0
1643,3.0
1644,3.0
1645,3.0
1646,3.0
1647,3.0
1648,3.0
1649,3.0
1650,3.0
1651,3.0
1652,3.0
1653,3.0
1654,3.0
1655,3.0
1656,3.0
1657,3.0
1658,3.0
1659,3.0
1660,3.0
1661,3.0
1662,3.0
1663,3.0
1664,3.0
1665,3.0
1666,3.0
1667,3.0
1668,3.0
1669,3.0
1670,3.0
1671,3.0
1672,3.0
1673,3.0
1674,3.0
1675,3.0
1676,3.0
1677,3.0
1678,3.0
1679,3.0
1680,3.0
1681,3.0
1682,3.0
1683,3.0
1684,3.0
1685,3.0
1686,3.0
1687,3.0
1688,3.0
1689,3.0
1690,3.0
1691,3.0
1692,3.0
1693,3.0
1694,3.0
1695,3.0
1696,3.0
1697,3.0
1698,3.0
1699,3.0
1700,3.0
1701,3.0
1702,3.0
1703,3.0
1704,3.0
1705,3.0
1706,3.0
1707,3.0
1708,3.0
1709,3.0
1710,3.0
1711,3.0
1712,3.0
1713,3.0
1714,3.0
1715,3.0
1716,3.0
1717,3.0
1718,3.0
1719,3.0
1720,3.0
1721,3.0
1722,3.0
1723,3.0
1724,3.0
1725,3.0
1726,3.0
1727,3.0
1728,3.0
1729,3.0
1730,3.0
1731,3.0
1732,3.0
1733,3.0
1734,3.0
1735,3.0
1736,3.0
1737,3.0
1738,3.0
1739,3.0
1740,3.0
1741,3.0
1742,3.0
1743,3.0
1744,3.0
1745,3.0
1746,3.0
1747,3.0
1748,3.0
1749,3.0
1750,3.0
1751,3.0
1752,3.0
1753,3.0
1754,3.0
1755,3.0
1756,3.0
1757,3.0
1758,3.0
1759,3.0
1760,3.0
1761,3.0
1762,3.0
1763,3.0
1764,3.0
1765,3.0
1766,3.0
1767,3.0
1768,3.0
1769,3.0
1770,3.0
1771,3.0
1772,3.0
1773,3.0
1774,3.0
1775,3.0
1776,3.0
1777,3.0
1778,3.0
1779,3.0
1780,3.0
1781,3.0
1782,3.0
1783,3.0
1784,3.0
1785,3.0
1786,3.0
1787,3.0
1788,3.0
1789,3.0
1790,3.0
1791,3.0
1792,3.0
1793,3.0
1794,3.0
1795,3.0
1796,3.0
1797,3.0
1798,3.0
1799,3.0
1800,3.0
1801,3.0
1802,3.0
1803,3.0
1804,3.0
1805,3.0
1806,3.0
1807,3.0
1808,3.0
1809,3.0
1810,3.0
1811,3.0
1812,3.0
1813,3.0
1814,3.0
1815,3.0
1816,3.0
1817,3.0
1818,3.0
1819,3.0
1820,3.0
1821,3.0
1822,3.0
1823,3.0
1824,3.0
1825,3.0
1826,3.0
1827,3.0
1828,3.0
1829,3.0
1830,3.0
1831,3.0
1832,3.0
1833,3.0
1834,3.0
1835,3.0
1836,3.0
1837,3.0
1838,3.0
1839,3.0
1840,3.0
1841,3.0
1842,3.0
1843,3.0
1844,3.0
1845,3.0
1846,3.0
1847,3.0
1848,3.0
1849,3.0
1850,3.0
1851,3.0
1852,3.0
1853,3.0
1854,3.0
1855,3.0
1856,3.0
1857,3.0
1858,3.0
1859,3.0
1860,3.0
1861,3.0
1862,3.0
1863,3.0
1864,3.0
1865,3.0
1866,3.0
1867,3.0
1868,3.0
1869,3.0
1870,3.0
1871,3.0
1872,3.0
1873,3.0
1874,3.0
1875,3.0
1876,3.0
1877,3.0
1878,3.0
1879,3.0
1880,3.0
1881,3.0
1882,3.0
1883,3.0
1884,3.0
1885,3.0
1886,3.0
1887,3.0
1888,3.0
1889,3.0
1890,3.0
1891,3.0
1892,3.0
1893,3.0
1894,3.0
1895,3.0
1896,3.0
1897,3.0
1898,3.0
1899,3.0
1900,3.0
1901,3.0
1902,3.0
1903,3.0
1904,3.0
1905,3.0
1906,3.0
1907,3.0
1908,3.0
1909,3.0
1910,3.0
1911,3.0
1912,3.0
1913,3.0
1914,3.0
1915,3.0
1916,3.0
1917,3.0
1918,3.0
1919,3.0
1920,3.0
1921,3.0
1922,3.0
1923,3.0
1924,3.0
1925,3.0
1926,3.0
1927,3.0
1928,3.0
1929,3.0
1930,3.0
1931,3.0
1932,3.0
1933,3.0
1934,3.0
1935,3.0
1936,3.0
1937,3.0
1938,3.0
1939,3.0
1940,3.0
1941,3.0
1942,3.0
1943,3.0
1944,3.0
1945,3.0
1946,3.0
1947,3.0
1948,3.0
1949,3.0
1950,3.0
1951,3.0
1952,3.0
1953,3.0
1954,3.0
1955,3.0
1956,3.0
1957,3.0
1958,3.0
1959,3.0
1960,3.0
1961,3.0
1962,3.0
1963,3.0
1964,3.0
1965,3.0
1966,3.0
1967,3.0
1968,3.0
1969,3.0
1970,3.0
1971,3.0
1972,3.0
1973,3.0
1974,3.0
1975,3.0
1976,3.0
1977,3.0
1978,3.0
1979,3.0
1980,3.0
1981,3.0
1982,3.0
1983,3.0
1984,3.0
1985,3.0
1986,3.0
1987,3.0
1988,3.0
1989,3.0
1990,3.0
1991,3.0
1992,3.0
1993,3.0
1994,3.0
1995,3.0
1996,3.0
1997,3.0
1998,3.0
1999,3.0
2000,1.0
2001,1.0
2002,1.0
2003,1.0
2004,1.0
2005,1.0
2006,1.0
2007,1.0
2008,1.0
2009,1.0
2010,1.0
2011,1.0
2012,1.0
2013,1.0
2014,1.0
2015,1.0
2016,1.0
2017,1.0
2018,1.0
2019,1.0
2020,1.0
2021,1.0
2022,1.0
2023,1.0
2024,1.0
2025,1.0
2026,1.0
2027,1.0
2028,1.0
2029,1.0
2030,1.0
2031,1.0
2032,1.0
2033,1.0
2034,1.0
2035,1.0
2036,1.0
2037,1.0
2038,1.0
2039,1.0
2040,1.0
2041,1.0
2042,1.0
2043,1.0
2044,1.0
2045,1.0
2046,1.0
2047,1.0
2048,1.0
2049,1.0
2050,1.0
2051,1.0
2052,1.0
2053,1.0
2054,1.0
2055,1.0
2056,1.0
2057,1.0
2058,1.0
2059,1.0
2060,1.0
2061,1.0
2062,1.0
2063,1.0
2064,1.0
2065,1.0
2066,1.0
2067,1.0
2068,1.0
2069,1.0
2070,1.0
2071,1.0
2072,1.0
2073,1.0
2074,1.0
2075,1.0
2076,1.0
2077,1.0
2078,1.0
2079,1.0
2080,1.0
2081,1.0
2082,1.0
2083,1.0
2084,1.0
2085,1.0
2086,1.0
2087,1.0
2088,1.0
2089,1.0
2090,1.0
2091,1.0
2092,1.0
2093,1.0
2094,1.0
2095,1.0
2096,1.0
2097,1.0
2098,1.0
2099,1.0
2100,1.0
2101,1.0
2102,1.0
2103,1.0
2104,1.0
2105,1.0
2106,1.0
2107,1.0
2108,1.0
2109,1.0
2110,1.0
2111,1.0
2112,1.0
2113,1.0
2114,1.0
2115,1.0
2116,1.0
2117,1.0
2118,1.0
2119,1.0
2120,1.0
2121,1.0
2122,1.0
2123,1.0
2124,1.0
2125,1.0
2126,1.0
2127,1.0
2128,1.0
2129,1.0
2130,1.0
2131,1.0
2132,1.0
2133,1.0
2134,1.0
2135,1.0
2136,1.0
2137,1.0
2138,1.0
2139,1.0
2140,1.0
2141,1.0
2142,1.0
2143,1.0
2144,1.0
2145,1.0
2146,1.0
2147,1.0
2148,1.0
2149,1.0
2150,1.0
2151,1.0
2152,1.0
2153,1.0
2154,1.0
2155,1.0
2156,1.0
2157,1.0
2158,1.0
2159,1.0
2160,1.0
2161,1.0
2162,1.0
2163,1.0
2164,1.0
2165,1.0
2166,1.0
2167,1.0
2168,1.0
2169,1.0
2170,1.0
2171,1.0
2172,1.0
2173,1.0
2174,1.0
2175,1.0
2176,1.0
2177,1.0
2178,1.0
2179,1.0
2180,1.0
2181,1.0
2182,1.0
2183,1.0
2184,1.0
2185,1.0
2186,1.0
2187,1.0
2188,1.0
2189,1.0
2190,1.0
2191,1.0
2192,1.0
2193,1.0
2194,1.0
2195,1.0
2196,1.0
2197,1.0
2198,1.0
2199,1.0
2200,1.0
2201,1.0
2202,1.0
2203,1.0
2204,1.0
2205,1.0
2206,1.0
2207,1.0
2208,1.0
2209,1.0
2210,1.0
2211,1.0
2212,1.0
2213,1.0
2214,1.0
2215,1.0
2216,1.0
2217,1.0
2218,1.0
2219,1.0
2220,1.0
2221,1.0
2222,1.0
2223,1.0
2224,1.0
2225,1.0
2226,1.0
2227,1.0
2228,1.0
2229,1.0
2230,1.0
2231,1.0
2232,1.0
2233,1.0
2234,1.0
2235,1.0
2236,1.0
2237,1.0
2238,1.0
2239,1.0
2240,1.0
2241,1.0
2242,1.0
2243,1.0
2244,1.0
2245,1.0
2246,1.0
2247,1.0
2248,1.0
2249,1.0
2250,1.0
2251,1.0
2252,1.0
2253,1.0
2254,1.0
2255,1.0
2256,1.0
2257,1.0
2258,1.0
2259,1.0
2260,1.0
2261,1.0
2262,1.0
2263,1.0
2264,1.0
2265,1.0
2266,1.0
2267,1.0
2268,1.0
2269,1.0
2270,1.0
2271,1.0
2272,1.0
2273,1.0
2274,1.0
2275,1.0
2276,1.0
2277,1.0
2278,1.0
2279,1.0
2280,1.0
2281,1.0
2282,1.0
2283,1.0
2284,1.0
2285,1.0
2286,1.0
2287,1.0
2288,1.0
2289,1.0
2290,1.0
2291,1.0
2292,1.0
2293,1.0
2294,1.0
2295,1.0
2296,1.0
2297,1.0
2298,1.0
2299,1.0
2300,1.0
2301,1.0
2302,1.0
2303,1.0
2304,1.0
2305,1.0
2306,1.0
2307,1.0
2308,1.0
2309,1.0
2310,1.0
2311,1.0
2312,1.0
2313,1.0
2314,1.0
2315,1.0
2316,1.0
2317,1.0
2318,1.0
2319,1.0
2320,1.0
2321,1.0
2322,1.0
2323,1.0
2324,1.0
2325,1.0
2326,1.0
2327,1.0
2328,1.0
2329,1.0
2330,1.0
2331,1.0
2332,1.0
2333,1.0
2334,1.0
2335,1.0
2336,1.0
2337,1.0
2338,1.0
2339,1.0
2340,1.0
2341,1.0
2342,1.0
2343,1.0
2344,1.0
2345,1.0
2346,1.0
2347,1.0
2348,1.0
2349,1.0
2350,1.0
2351,1.0
2352,1.0
2353,1.0
2354,1.0
2355,1.0
2356,1.0
2357,1.0
2358,1.0
2359,1.0
2360,1.0
2361,1.0
2362,1.0
2363,1.0
2364,1.0
2365,1.0
2366,1.0
2367,1.0
2368,1.0
2369,1.0
2370,1.0
2371,1.0
2372,1.0
2373,1.0
2374,1.0
2375,1.0
2376,1.0
2377,1.0
2378,1.0
2379,1.0
2380,1.0
2381,1.0
2382,1.0
2383,1.0
2384,1.0
2385,1.0
2386,1.0
2387,1.0
2388,1.0
2389,1.0
2390,1.0
2391,1.0
2392,1.0
2393,1.0
2394,1.0
2395,1.0
2396,1.0
2397,1.0
2398,1.0
2399,1.0
2400,1.0
2401,1.0
2402,1.0
2403,1.0
2404,1.0
2405,1.0
2406,1.0
2407,1.0
2408,1.0
2409,1.0
2410,1.0
2411,1.0
2412,1.0
2413,1.0
2414,1.0
2415,1.0
2416,1.0
2417,1.0
2418,1.0
2419,1.0
2420,1.0
2421,1.0
2422,1.0
2423,1.0
2424,1.0
2425,1.0
2426,1.0
2427,1.0
2428,1.0
2429,1.0
2430,1.0
2431,1.0
2432,1.0
2433,1.0
2434,1.0
2435,1.0
2436,1.0
2437,1.0
2438,1.0
2439,1.0
2440,1.0
2441,1.0
2442,1.0
2443,1.0
2444,1.0
2445,1.0
2446,1.0
2447,1.0
2448,1.0
2449,1.0
2450,1.0
2451,1.0
2452,1.0
2453,1.0
2454,1.0
2455,1.0
2456,1.0
2457,1.0
2458,1.0
2459,1.0
2460,1.0
2461,1.0
2462,1.0
2463,1.0
2464,1.0
2465,1.0
2466,1.0
2467,1.0
2468,1.0
2469,1.0
2470,1.0
2471,1.0
2472,1.0
2473,1.0
2474,1.0
2475,1.0
2476,1.0
2477,1.0
2478,1.0
2479,1.0
2480,1.0
2481,1.0
2482,1.0
2483,1.0
2484,1.0
2485,1.0
2486,1.0
2487,1.0
2488,1.0
2489,1.0
2490,1.0
2491,1.0
2492,1.0
2493,1.0
2494,1.0
2495,1.0
2496,1.0
2497,1.0
2498,1.0
2499,1.0
2500,1.0
2501,1.0
2502,1.0
2503,1.0
2504,1.0
2505,1.0
2506,1.0
2507,1.0
2508,1.0
2509,1.0
2510,1.0
2511,1.0
2512,1.0
2513,1.0
2514,1.0
2515,1.0
2516,1.0
2517,1.0
2518,1.0
2519,1.0
2520,1.0
2521,1.0
2522,1.0
2523,1.0
2524,1.0
2525,1.0
2526,1.0
2527,1.0
2528,1.0
2529,1.0
2530,1.0
2531,1.0
2532,1.0
2533,1.0
2534,1.0
2535,1.0
2536,1.0
2537,1.0
2538,1.0
2539,1.0
2540,1.0
2541,1.0
2542,1.0
2543,1.0
2544,1.0
2545,1.0
2546,1.0
2547,1.0
2548,1.0
2549,1.0
2550,1.0
2551,1.0
2552,1.0
2553,1.0
2554,1.0
2555,1.0
2556,1.0
2557,1.0
2558,1.0
2559,1.0
2560,1.0
2561,1.0
2562,1.0
2563,1.0
2564,1.0
2565,1.0
2566,1.0
2567,1.0
2568,1.0
2569,1.0
2570,1.0
2571,1.0
2572,1.0
2573,1.0
2574,1.0
2575,1.0
2576,1.0
2577,1.0
2578,1.0
2579,1.0
2580,1.0
2581,1.0
2582,1.0
2583,1.0
2584,1.0
2585,1.0
2586,1.0
2587,1.0
2588,1.0
2589,1.0
2590,1.0
2591,1.0
2592,1.0
2593,1.0
2594,1.0
2595,1.0
2596,1.0
2597,1.0
2598,1.0
2599,1.0
2600,1.0
2601,1.0
2602,1.0
2603,1.0
2604,1.0
2605,1.0
2606,1.0
2607,1.0
2608,1.0
2609,1.0
2610,1.0
2611,1.0
2612,1.0
2613,1.0
2614,1.0
2615,1.0
2616,1.0
2617,1.0
2618,1.0
2619,1.0
2620,1.0
2621,1.0
2622,1.0
2623,1.0
2624,1.0
2625,1.0
2626,1.0
2627,1.0
2628,1.0
2629,1.0
2630,1.0
2631,1.0
2632,1.0
2633,1.0
2634,1.0
2635,1.0
2636,1.0
2637,1.0
2638,1.0
2639,1.0
2640,1.0
2641,1.0
2642,1.0
2643,1.0
2644,1.0
2645,1.0
2646,1.0
2647,1.0
2648,1.0
2649,1.0
2650,1.0
2651,1.0
2652,1.0
2653,1.0
2654,1.0
2655,1.0
2656,1.0
2657,1.0
2658,1.0
2659,1.0
2660,1.0
2661,1.0
2662,1.0
2663,1.0
2664,1.0
2665,1.0
2666,1.0
2667,1.0
2668,1.0
2669,1.0
2670,1.0
2671,1.0
2672,1.0
2673,1.0
2674,1.0
2675,1.0
2676,1.0
2677,1.0
2678,1.0
2679,1.0
2680,1.0
2681,1.0
2682,1.0
2683,1.0
2684,1.0
2685,1.0
2686,1.0
2687,1.0
2688,1.0
2689,1.0
2690,1.0
2691,1.0
2692,1.0
2693,1.0
2694,1.0
2695,1.0
2696,1.0
2697,1.0
2698,1.0
2699,1.0
2700,1.0
2701,1.0
2702,1.0
2703,1.0
2704,1.0
2705,1.0
2706,1.0
2707,1.0
2708,1.0
2709,1.0
2710,1.0
2711,1.0
2712,1.0
2713,1.0
2714,1.0
2715,1.0
2716,1.0
2717,1.0
2718,1.0
2719,1.0
2720,1.0
2721,1.0
2722,1.0
2723,1.0
2724,1.0
2725,1.0
2726,1.0
2727,1.0
2728,1.0
2729,1.0
2730,1.0
2731,1.0
2732,1.0
2733,1.0
2734,1.0
2735,1.0
2736,1.0
2737,1.0
2738,1.0
2739,1.0
2740,1.0
2741,1.0
2742,1.0
2743,1.0
2744,1.0
2745,1.0
2746,1.0
2747,1.0
2748,1.0
2749,1.0
2750,1.0
2751,1.0
2752,1.0
2753,1.0
2754,1.0
2755,1.0
2756,1.0
2757,1.0
2758,1.0
2759,1.0
2760,1.0
2761,1.0
2762,1.0
2763,1.0
2764,1.0
2765,1.0
2766,1.0
2767,1.0
2768,1.0
2769,1.0
2770,1.0
2771,1.0
2772,1.0
2773,1.0
2774,1.0
2775,1.0
2776,1.0
2777,1.0
2778,1.0
2779,1.0
2780,1.0
2781,1.0
2782,1.0
2783,1.0
2784,1.0
2785,1.0
2786,1.0
2787,1.0
2788,1.0
2789,1.0
2790,1.0
2791,1.0
2792,1.0
2793,1.0
2794,1.0
2795,1.0
2796,1.0
2797,1.0
2798,1.0
2799,1.0
2800,1.0
2801,1.0
2802,1.0
2803,1.0
2804,1.0
2805,1.0
2806,1.0
2807,1.0
2808,1.0
2809,1.0
2810,1.0
2811,1.0
2812,1.0
2813,1.0
2814,1.0
2815,1.0
2816,1.0
2817,1.0
2818,1.0
2819,1.0
2820,1.0
2821,1.0
2822,1.0
2823,1.0
2824,1.0
2825,1.0
2826,1.0
2827,1.0
2828,1.0
2829,1.0
2830,1.0
2831,1.0
2832,1.0
2833,1.0
2834,1.0
2835,1.0
2836,1.0
2837,1.0
2838,1.0
2839,1.0
2840,1.0
2841,1.0
2842,1.0
2843,1.0
2844,1.0
2845,1.0
2846,1.0
2847,1.0
2848,1.0
2849,1.0
2850,1.0
2851,1.0
2852,1.0
2853,1.0
2854,1.0
2855,1.0
2856,1.0
2857,1.0
2858,1.0
2859,1.0
2860,1.0
2861,1.0
2862,1.0
2863,1.0
2864,1.0
2865,1.0
2866,1.0
2867,1.0
2868,1.0
2869,1.0
2870,1.0
2871,1.0
2872,1.0
2873,1.0
2874,1.0
2875,1.0
2876,1.0
2877,1.0
2878,1.0
2879,1.0
2880,1.0
2881,1.0
2882,1.0
2883,1.0
2884,1.0
2885,1.0
2886,1.0
2887,1.0
2888,1.0
2889,1.0
2890,1.0
2891,1.0
2892,1.0
2893,1.0
2894,1.0
2895,1.0
2896,1.0
2897,1.0
2898,1.0
2899,1.0
2900,1.0
2901,1.0
2902,1.0
2903,1.0
2904,1.0
2905,1.0
2906,1.0
2907,1.0
2908,1.0
2909,1.0
2910,1.0
2911,1.0
2912,1.0
2913,1.0
2914,1.0
2915,1.0
2916,1.0
2917,1.0
2918,1.0
2919,1.0
2920,1.0
2921,1.0
2922,1.0
2923,1.0
2924,1.0
2925,1.0
2926,1.0
2927,1.0
2928,1.0
2929,1.0
2930,1.0
2931,1.0
2932,1.0
2933,1.0
2934,1.0
2935,1.0
2936,1.0
2937,1.0
2938,1.0
2939,1.0
2940,1.0
2941,1.0
2942,1.0
2943,1.0
2944,1.0
2945,1.0
2946,1.0
2947,1.0
2948,1.0
2949,1.0
2950,1.0
2951,1.0
2952,1.0
2953,1.0
2954,1.0
2955,1.0
2956,1.0
2957,1.0
2958,1.0
2959,1.0
2960,1.0
2961,1.0
2962,1.0
2963,1.0
2964,1.0
2965,1.0
2966,1.0
2967,1.0
2968,1.0
2969,1.0
2970,1.0
2971,1.0
2972,1.0
2973,1.0
2974,1.0
2975,1.0
2976,1.0
2977,1.0
2978,1.0
2979,1.0
2980,1.0
2981,1.0
2982,1.0
2983,1.0
2984,1.0
2985,1.0
2986,1.0
2987,1.0
2988,1.0
2989,1.0
2990,1.0
2991,1.0
2992,1.0
2993,1.0
2994,1.0
2995,1.0
2996,1.0
2997,1.0
2998,1.0
2999,1.0
3000,1.0
3001,1.0
3002,1.0
3003,1.0
3004,1.0
3005,1.0
3006,1.0
3007,1.0
3008,1.0
3009,1.0
3010,1.0
3011,1.0
3012,1.0
3013,1.0
3014,1.0
3015,1.0
3016,1.0
3017,1.0
3018,1.0
3019,1.0
3020,1.0
3021,1.0
3022,1.0
3023,1.0
3024,1.0
3025,1.0
3026,1.0
3027,1.0
3028,1.0
3029,1.0
3030,1.0
3031,1.0
3032,1.0
3033,1.0
3034,1.0
3035,1.0
3036,1.0
3037,1.0
3038,1.0
3039,1.0
3040,1.0
3041,1.0
3042,1.0
3043,1.0
3044,1.0
3045,1.0
3046,1.0
3047,1.0
3048,1.0
3049,1.0
3050,1.0
3051,1.0
3052,1.0
3053,1.0
3054,1.0
3055,1.0
3056,1.0
3057,1.0
3058,1.0
3059,1.0
3060,1.0
3061,1.0
3062,1.0
3063,1.0
3064,1.0
3065,1.0
3066,1.0
3067,1.0
3068,1.0
3069,1.0
3070,1.0
3071,1.0
3072,1.0
3073,1.0
3074,1.0
3075,1.0
3076,1.0
3077,1.0
3078,1.0
3079,1.0
3080,1.0
3081,1.0
3082,1.0
3083,1.0
3084,1.0
3085,1.0
3086,1.0
3087,1.0
3088,1.0
3089,1.0
3090,1.0
3091,1.0
3092,1.0
3093,1.0
3094,1.0
3095,1.0
3096,1.0
3097,1.0
3098,1.0
3099,1.0
3100,1.0
3101,1.0
3102,1.0
3103,1.0
3104,1.0
3105,1.0
3106,1.0
3107,1.0
3108,1.0
3109,1.0
3110,1.0
3111,1.0
3112,1.0
3113,1.0
3114,1.0
3115,1.0
3116,1.0
3117,1.0
3118,1.0
3119,1.0
3120,1.0
3121,1.0
3122,1.0
3123,1.0
3124,1.0
3125,1.0
3126,1.0
3127,1.0
3128,1.0
3129,1.0
3130,1.0
3131,1.0
3132,1.0
3133,1.0
3134,1.0
3135,1.0
3136,1.0
3137,1.0
3138,1.0
3139,1.0
3140,1.0
3141,1.0
3142,1.0
3143,1.0
3144,1.0
3145,1.0
3146,1.0
3147,1.0
3148,1.0
3149,1.0
3150,1.0
3151,1.0
3152,1.0
3153,1.0
3154,1.0
3155,1.0
3156,1.0
3157,1.0
3158,1.0
3159,1.0
3160,1.0
3161,1.0
3162,1.0
3163,1.0
3164,1.0
3165,1.0
3166,1.0
3167,1.0
3168,1.0
3169,1.0
3170,1.0
3171,1.0
3172,1.0
3173,1.0
3174,1.0
3175,1.0
3176,1.0
3177,1.0
3178,1.0
3179,1.0
3180,1.0
3181,1.0
3182,1.0
3183,1.0
3184,1.0
3185,1.0
3186,1.0
3187,1.0
3188,1.0
3189,1.0
3190,1.0
3191,1.0
3192,1.0
3193,1.0
3194,1.0
3195,1.0
3196,1.0
3197,1.0
3198,1.0
3199,1.0
3200,1.0
3201,1.0
3202,1.0
3203,1.0
3204,1.0
3205,1.0
3206,1.0
3207,1.0
3208,1.0
3209,1.0
3210,1.0
3211,1.0
3212,1.0
3213,1.0
3214,1.0
3215,1.0
3216,1.0
3217,1.0
3218,1.0
3219,1.0
3220,1.0
3221,1.0
3222,1.0
3223,1.0
3224,1.0
3225,1.0
3226,1.0
3227,1.0
3228,1.0
3229,1.0
3230,1.0
3231,1.0
3232,1.0
3233,1.0
3234,1.0
3235,1.0
3236,1.0
3237,1.0
3238,1.0
3239,1.0
3240,1.0
3241,1.0
3242,1.0
3243,1.0
3244,1.0
3245,1.0
3246,1.0
3247,1.0
3248,1.0
3249,1.0
3250,1.0
3251,1.0
3252,1.0
3253,1.0
3254,1.0
3255,1.0
3256,1.0
3257,1.0
3258,1.0
3259,1.0
3260,1.0
3261,1.0
3262,1.0
3263,1.0
3264,1.0
3265,1.0
3266,1.0
3267,1.0
3268,1.0
3269,1.0
3270,1.0
3271,1.0
3272,1.0
3273,1.0
3274,1.0
3275,1.0
3276,1.0
3277,1.0
3278,1.0
3279,1.0
3280,1.0
3281,1.0
3282,1.0
3283,1.0
3284,1.0
3285,1.0
3286,1.0
3287,1.0
3288,1.0
3289,1.0
3290,1.0
3291,1.0
3292,1.0
3293,1.0
3294,1.0
3295,1.0
3296,1.0
3297,1.0
3298,1.0
3299,1.0
3300,1.0
3301,1.0
3302,1.0
3303,1.0
3304,1.0
3305,1.0
3306,1.0
3307,1.0
3308,1.0
3309,1.0
3310,1.0
3311,1.0
3312,1.0
3313,1.0
3314,1.0
3315,1.0
3316,1.0
3317,1.0
3318,1.0
3319,1.0
3320,1.0
3321,1.0
3322,1.0
3323,1.0
3324,1.0
3325,1.0
3326,1.0
3327,1.0
3328,1.0
3329,1.0
3330,1.0
3331,1.0
3332,1.0
3333,1.0
3334,1.0
3335,1.0
3336,1.0
3337,1.0
3338,1.0
3339,1.0
3340,1.0
3341,1.0
3342,1.0
3343,1.0
3344,1.0
3345,1.0
3346,1.0
3347,1.0
3348,1.0
3349,1.0
3350,1.0
3351,1.0
3352,1.0
3353,1.0
3354,1.0
3355,1.0
3356,1.0
3357,1.0
3358,1.0
3359,1.0
3360,1.0
3361,1.0
3362,1.0
3363,1.0
3364,1.0
3365,1.0
3366,1.0
3367,1.0
3368,1.0
3369,1.0
3370,1.0
3371,1.0
3372,1.0
3373,1.0
3374,1.0
3375,1.0
3376,1.0
3377,1.0
3378,1.0
3379,1.0
3380,1.0
3381,1.0
3382,1.0
3383,1.0
3384,1.0
3385,1.0
3386,1.0
3387,1.0
3388,1.0
3389,1.0
3390,1.0
3391,1.0
3392,1.0
3393,1.0
3394,1.0
3395,1.0
3396,1.0
3397,1.0
3398,1.0
3399,1.0
3400,1.0
3401,1.0
3402,1.0
3403,1.0
3404,1.0
3405,1.0
3406,1.0
3407,1.0
3408,1.0
3409,1.0
3410,1.0
3411,1.0
3412,1.0
3413,1.0
3414,1.0
3415,1.0
3416,1.0
3417,1.0
3418,1.0
3419,1.0
3420,1.0
3421,1.0
3422,1.0
3423,1.0
3424,1.0
3425,1.0
3426,1.0
3427,1.0
3428,1.0
3429,1.0
3430,1.0
3431,1.0
3432,1.0
3433,1.0
3434,1.0
3435,1.0
3436,1.0
3437,1.0
3438,1.0
3439,1.0
3440,1.0
3441,1.0
3442,1.0
3443,1.0
3444,1.0
3445,1.0
3446,1.0
3447,1.0
3448,1.0
3449,1.0
3450,1.0
3451,1.0
3452,1.0
3453,1.0
3454,1.0
3455,1.0
3456,1.0
3457,1.0
3458,1.0
3459,1.0
3460,1.0
3461,1.0
3462,1.0
3463,1.0
3464,1.0
3465,1.0
3466,1.0
3467,1.0
3468,1.0
3469,1.0
3470,1.0
3471,1.0
3472,1.0
3473,1.0
3474,1.0
3475,1.0
3476,1.0
3477,1.0
3478,1.0
3479,1.0
3480,1.0
3481,1.0
3482,1.0
3483,1.0
3484,1.0
3485,1.0
3486,1.0
3487,1.0
3488,1.0
3489,1.0
3490,1.0
3491,1.0
3492,1.0
3493,1.0
3494,1.0
3495,1.0
3496,1.0
3497,1.0
3498,1.0
3499,1.0
3500,1.0
3501,1.0
3502,1.0
3503,1.0
3504,1.0
3505,1.0
3506,1.0
3507,1.0
3508,1.0
3509,1.0
3510,1.0
3511,1.0
3512,1.0
3513,1.0
3514,1.0
3515,1.0
3516,1.0
3517,1.0
3518,1.0
3519,1.0
3520,1.0
3521,1.0
3522,1.0
3523,1.0
3524,1.0
3525,1.0
3526,1.0
3527,1.0
3528,1.0
3529,1.0
3530,1.0
3531,1.0
3532,1.0
3533,1.0
3534,1.0
3535,1.0
3536,1.0
3537,1.0
3538,1.0
3539,1.0
3540,1.0
3541,1.0
3542,1.0
3543,1.0
3544,1.0
3545,1.0
3546,1.0
3547,1.0
3548,1.0
3549,1.0
3550,1.0
3551,1.0
3552,1.0
3553,1.0
3554,1.0
3555,1.0
3556,1.0
3557,1.0
3558,1.0
3559,1.0
3560,1.0
3561,1.0
3562,1.0
3563,1.0
3564,1.0
3565,1.0
3566,1.0
3567,1.0
3568,1.0
3569,1.0
3570,1.0
3571,1.0
3572,1.0
3573,1.0
3574,1.0
3575,1.0
3576,1.0
3577,1.0
3578,1.0
3579,1.0
3580,1.0
3581,1.0
3582,1.0
3583,1.0
3584,1.0
3585,1.0
3586,1.0
3587,1.0
3588,1.0
3589,1.0
3590,1.0
3591,1.0
3592,1.0
3593,1.0
3594,1.0
3595,1.0
3596,1.0
3597,1.0
3598,1.0
3599,1.0
3600,1.0
3601,1.0
3602,1.0
3603,1.0
3604,1.0
3605,1.0
3606,1.0
3607,1.0
3608,1.0
3609,1.0
3610,1.0
3611,1.0
3612,1.0
3613,1.0
3614,1.0
3615,1.0
3616,1.0
3617,1.0
3618,1.0
3619,1.0
3620,1.0
3621,1.0
3622,1.0
3623,1.0
3624,1.0
3625,1.0
3626,1.0
3627,1.0
3628,1.0
3629,1.0
3630,1.0
3631,1.0
3632,1.0
3633,1.0
3634,1.0
3635,1.0
3636,1.0
3637,1.0
3638,1.0
3639,1.0
3640,1.0
3641,1.0
3642,1.0
3643,1.0
3644,1.0
3645,1.0
3646,1.0
3647,1.0
3648,1.0
3649,1.0
3650,1.0
3651,1.0
3652,1.0
3653,1.0
3654,1.0
3655,1.0
3656,1.0
3657,1.0
3658,1.0
3659,1.0
3660,1.0
3661,1.0
3662,1.0
3663,1.0
3664,1.0
3665,1.0
3666,1.0
3667,1.0
3668,1.0
3669,1.0
3670,1.0
3671,1.0
3672,1.0
3673,1.0
3674,1.0
3675,1.0
3676,1.0
3677,1.0
3678,1.0
3679,1.0
3680,1.0
3681,1.0
3682,1.0
3683,1.0
3684,1.0
3685,1.0
3686,1.0
3687,1.0
3688,1.0
3689,1.0
3690,1.0
3691,1.0
3692,1.0
3693,1.0
3694,1.0
3695,1.0
3696,1.0
3697,1.0
3698,1.0
3699,1.0
3700,1.0
3701,1.0
3702,1.0
3703,1.0
3704,1.0
3705,1.0
3706,1.0
3707,1.0
3708,1.0
3709,1.0
3710,1.0
3711,1.0
3712,1.0
3713,1.0
3714,1.0
3715,1.0
3716,1.0
3717,1.0
3718,1.0
3719,1.0
3720,1.0
3721,1.0
3722,1.0
3723,1.0
3724,1.0
3725,1.0
3726,1.0
3727,1.0
3728,1.0
3729,1.0
3730,1.0
3731,1.0
3732,1.0
3733,1.0
3734,1.0
3735,1.0
3736,1.0
3737,1.0
3738,1.0
3739,1.0
3740,1.0
3741,1.0
3742,1.0
3743,1.0
3744,1.0
3745,1.0
3746,1.0
3747,1.0
3748,1.0
3749,1.0
3750,1.0
3751,1.0
3752,1.0
3753,1.0
3754,1.0
3755,1.0
3756,1.0
3757,1.0
3758,1.0
3759,1.0
3760,1.0
3761,1.0
3762,1.0
3763,1.0
3764,1.0
3765,1.0
3766,1.0
3767,1.0
3768,1.0
3769,1.0
3770,1.0
3771,1.0
3772,1.0
3773,1.0
3774,1.0
3775,1.0
3776,1.0
3777,1.0
3778,1.0
3779,1.0
3780,1.0
3781,1.0
3782,1.0
3783,1.0
3784,1.0
3785,1.0
3786,1.0
3787,1.0
3788,1.0
3789,1.0
3790,1.0
3791,1.0
3792,1.0
3793,1.0
3794,1.0
3795,1.0
3796,1.0
3797,1.0
3798,1.0
3799,1.0
3800,1.0
3801,1.0
3802,1.0
3803,1.0
3804,1.0
3805,1.0
3806,1.0
3807,1.0
3808,1.0
3809,1.0
3810,1.0
3811,1.0
3812,1.0
3813,1.0
3814,1.0
3815,1.0
3816,1.0
3817,1.0
3818,1.0
3819,1.0
3820,1.0
3821,1.0
3822,1.0
3823,1.0
3824,1.0
3825,1.0
3826,1.0
3827,1.0
3828,1.0
3829,1.0
3830,1.0
3831,1.0
3832,1.0
3833,1.0
3834,1.0
3835,1.0
3836,1.0
3837,1.0
3838,1.0
3839,1.0
3840,1.0
3841,1.0
3842,1.0
3843,1.0
3844,1.0
3845,1.0
3846,1.0
3847,1.0
3848,1.0
3849,1.0
3850,1.0
3851,1.0
3852,1.0
3853,1.0
3854,1.0
3855,1.0
3856,1.0
3857,1.0
3858,1.0
3859,1.0
3860,1.0
3861,1.0
3862,1.0
3863,1.0
3864,1.0
3865,1.0
3866,1.0
3867,1.0
3868,1.0
3869,1.0
3870,1.0
3871,1.0
3872,1.0
3873,1.0
3874,1.0
3875,1.0
3876,1.0
3877,1.0
3878,1.0
3879,1.0
3880,1.0
3881,1.0
3882,1.0
3883,1.0
3884,1.0
3885,1.0
3886,1.0
3887,1.0
3888,1.0
3889,1.0
3890,1.0
3891,1.0
3892,1.0
3893,1.0
3894,1.0
3895,1.0
3896,1.0
3897,1.0
3898,1.0
3899,1.0
3900,1.0
3901,1.0
3902,1.0
3903,1.0
3904,1.0
3905,1.0
3906,1.0
3907,1.0
3908,1.0
3909,1.0
3910,1.0
3911,1.0
3912,1.0
3913,1.0
3914,1.0
3915,1.0
3916,1.0
3917,1.0
3918,1.0
3919,1.0
3920,1.0
3921,1.0
3922,1.0
3923,1.0
3924,1.0
3925,1.0
3926,1.0
3927,1.0
3928,1.0
3929,1.0
3930,1.0
3931,1.0
3932,1.0
3933,1.0
3934,1.0
3935,1.0
3936,1.0
3937,1.0
3938,1.0
3939,1.0
3940,1.0
3941,1.0
3942,1.0
3943,1.0
3944,1.0
3945,1.0
3946,1.0
3947,1.0
3948,1.0
3949,1.0
3950,1.0
3951,1.0
3952,1.0
3953,1.0
3954,1.0
3955,1.0
3956,1.0
3957,1.0
3958,1.0
3959,1.0
3960,1.0
3961,1.0
3962,1.0
3963,1.0
3964,1.0
3965,1.0
3966,1.0
3967,1.0
3968,1.0
3969,1.0
3970,1.0
3971,1.0
3972,1.0
3973,1.0
3974,1.0
3975,1.0
3976,1.0
3977,1.0
3978,1.0
3979,1.0
3980,1.0
3981,1.0
3982,1.0
3983,1.0
3984,1.0
3985,1.0
3986,1.0
3987,1.0
3988,1.0
3989,1.0
3990,1.0
3991,1.0
3992,1.0
3993,1.0
3994,1.0
3995,1.0
3996,1.0
3997,1.0
3998,1.0
3999,1.0
4000,0.0
4001,0.0
4002,0.0
4003,0.0
4004,0.0
4005,0.0
4006,0.0
4007,0.0
4008,0.0
4009,0.0
4010,0.0
4011,0.0
4012,0.0
4013,0.0
4014,0.0
4015,0.0
4016,0.0
4017,0.0
4018,0.0
4019,0.0
4020,0.0
4021,0.0
4022,0.0
4023,0.0
4024,0.0
4025,0.0
4026,0.0
4027,0.0
4028,0.0
4029,0.0
4030,0.0
4031,0.0
4032,0.0
4033,0.0
4034,0.0
4035,0.0
4036,0.0
4037,0.0
4038,0.0
4039,0.0
4040,0.0
4041,0.0
4042,0.0
4043,0.0
4044,0.0
4045,0.0
4046,0.0
4047,0.0
4048,0.0
4049,0.0
4050,0.0
4051,0.0
4052,0.0
4053,0.0
4054,0.0
4055,0.0
4056,0.0
4057,0.0
4058,0.0
4059,0.0
4060,0.0
4061,0.0
4062,0.0
4063,0.0
4064,0.0
4065,0.0
4066,0.0
4067,0.0
4068,0.0
4069,0.0
4070,0.0
4071,0.0
4072,0.0
4073,0.0
4074,0.0
4075,0.0
4076,0.0
4077,0.0
4078,0.0
4079,0.0
4080,0.0
4081,0.0
4082,0.0
4083,0.0
4084,0.0
4085,0.0
4086,0.0
4087,0.0
4088,0.0
4089,0.0
4090,0.0
4091,0.0
4092,0.0
4093,0.0
4094,0.0
4095,0.0
4096,0.0
4097,0.0
4098,0.0
4099,0.0
4100,0.0
4101,0.0
4102,0.0
4103,0.0
4104,0.0
4105,0.0
4106,0.0
4107,0.0
4108,0.0
4109,0.0
4110,0.0
4111,0.0
4112,0.0
4113,0.0
4114,0.0
4115,0.0
4116,0.0
4117,0.0
4118,0.0
4119,0.0
4120,0.0
4121,0.0
4122,0.0
4123,0.0
4124,0.0
4125,0.0
4126,0.0
4127,0.0
4128,0.0
4129,0.0
4130,0.0
4131,0.0
4132,0.0
4133,0.0
4134,0.0
4135,0.0
4136,0.0
4137,0.0
4138,0.0
4139,0.0
4140,0.0
4141,0.0
4142,0.0
4143,0.0
4144,0.0
4145,0.0
4146,0.0
4147,0.0
4148,0.0
4149,0.0
4150,0.0
4151,0.0
4152,0.0
4153,0.0
4154,0.0
4155,0.0
4156,0.0
4157,0.0
4158,0.0
4159,0.0
4160,0.0
4161,0.0
4162,0.0
4163,0.0
4164,0.0
4165,0.0
4166,0.0
4167,0.0
4168,0.0
4169,0.0
4170,0.0
4171,0.0
4172,0.0
4173,0.0
4174,0.0
4175,0.0
4176,0.0
4177,0.0
4178,0.0
4179,0.0
4180,0.0
4181,0.0
4182,0.0
4183,0.0
4184,0.0
4185,0.0
4186,0.0
4187,0.0
4188,0.0
4189,0.0
4190,0.0
4191,0.0
4192,0.0
4193,0.0
4194,0.0
4195,0.0
4196,0.0
4197,0.0
4198,0.0
4199,0.0
4200,0.0
4201,0.0
4202,0.0
4203,0.0
4204,0.0
4205,0.0
4206,0.0
4207,0.0
4208,0.0
4209,0.0
4210,0.0
4211,0.0
4212,0.0
4213,0.0
4214,0.0
4215,0.0
4216,0.0
4217,0.0
4218,0.0
4219,0.0
4220,0.0
4221,0.0
4222,0.0
4223,0.0
4224,0.0
4225,0.0
4226,0.0
4227,0.0
4228,0.0
4229,0.0
4230,0.0
4231,0.0
4232,0.0
4233,0.0
4234,0.0
4235,0.0
4236,0.0
4237,0.0
4238,0.0
4239,0.0
4240,0.0
4241,0.0
4242,0.0
4243,0.0
4244,0.0
4245,0.0
4246,0.0
4247,0.0
4248,0.0
4249,0.0
4250,0.0
4251,0.0
4252,0.0
4253,0.0
4254,0.0
4255,0.0
4256,0.0
4257,0.0
4258,0.0
4259,0.0
4260,0.0
4261,0.0
4262,0.0
4263,0.0
4264,0.0
4265,0.0
4266,0.0
4267,0.0
4268,0.0
4269,0.0
4270,0.0
4271,0.0
4272,0.0
4273,0.0
4274,0.0
4275,0.0
4276,0.0
4277,0.0
4278,0.0
4279,0.0
4280,0.0
4281,0.0
4282,0.0
4283,0.0
4284,0.0
4285,0.0
4286,0.0
4287,0.0
4288,0.0
4289,0.0
4290,0.0
4291,0.0
4292,0.0
4293,0.0
4294,0.0
4295,0.0
4296,0.0
4297,0.0
4298,0.0
4299,0.0
4300,0.0
4301,0.0
4302,0.0
4303,0.0
4304,0.0
4305,0.0
4306,0.0
4307,0.0
4308,0.0
4309,0.0
4310,0.0
4311,0.0
4312,0.0
4313,0.0
4314,0.0
4315,0.0
4316,0.0
4317,0.0
4318,0.0
4319,0.0
4320,0.0
4321,0.0
4322,0.0
4323,0.0
4324,0.0
4325,0.0
4326,0.0
4327,0.0
4328,0.0
4329,0.0
4330,0.0
4331,0.0
4332,0.0
4333,0.0
4334,0.0
4335,0.0
4336,0.0
4337,0.0
4338,0.0
4339,0.0
4340,0.0
4341,0.0
4342,0.0
4343,0.0
4344,0.0
4345,0.0
4346,0.0
4347,0.0
4348,0.0
4349,0.0
4350,0.0
4351,0.0
4352,0.0
4353,0.0
4354,0.0
4355,0.0
4356,0.0
4357,0.0
4358,0.0
4359,0.0
4360,0.0
4361,0.0
4362,0.0
4363,0.0
4364,0.0
4365,0.0
4366,0.0
4367,0.0
4368,0.0
4369,0.0
4370,0.0
4371,0.0
4372,0.0
4373,0.0
4374,0.0
4375,0.0
4376,0.0
4377,0.0
4378,0.0
4379,0.0
4380,0.0
4381,0.0
4382,0.0
4383,0.0
4384,0.0
4385,0.0
4386,0.0
4387,0.0
4388,0.0
4389,0.0
4390,0.0
4391,0.0
4392,0.0
4393,0.0
4394,0.0
4395,0.0
4396,0.0
4397,0.0
4398,0.0
4399,0.0
4400,0.0
4401,0.0
4402,0.0
4403,0.0
4404,0.0
4405,0.0
4406,0.0
4407,0.0
4408,0.0
4409,0.0
4410,0.0
4411,0.0
4412,0.0
4413,0.0
4414,0.0
4415,0.0
4416,0.0
4417,0.0
4418,0.0
4419,0.0
4420,0.0
4421,0.0
4422,0.0
4423,0.0
4424,0.0
4425,0.0
4426,0.0
4427,0.0
4428,0.0
4429,0.0
4430,0.0
4431,0.0
4432,0.0
4433,0.0
4434,0.0
4435,0.0
4436,0.0
4437,0.0
4438,0.0
4439,0.0
4440,0.0
4441,0.0
4442,0.0
4443,0.0
4444,0.0
4445,0.0
4446,0.0
4447,0.0
4448,0.0
4449,0.0
4450,0.0
4451,0.0
4452,0.0
4453,0.0
4454,0.0
4455,0.0
4456,0.0
4457,0.0
4458,0.0
4459,0.0
4460,0.0
4461,0.0
4462,0.0
4463,0.0
4464,0.0
4465,0.0
4466,0.0
4467,0.0
4468,0.0
4469,0.0
4470,0.0
4471,0.0
4472,0.0
4473,0.0
4474,0.0
4475,0.0
4476,0.0
4477,0.0
4478,0.0
4479,0.0
4480,0.0
4481,0.0
4482,0.0
4483,0.0
4484,0.0
4485,0.0
4486,0.0
4487,0.0
4488,0.0
4489,0.0
4490,0.0
4491,0.0
4492,0.0
4493,0.0
4494,0.0
4495,0.0
4496,0.0
4497,0.0
4498,0.0
4499,0.0
4500,0.0
4501,0.0
4502,0.0
4503,0.0
4504,0.0
4505,0.0
4506,0.0
4507,0.0
4508,0.0
4509,0.0
4510,0.0
4511,0.0
4512,0.0
4513,0.0
4514,0.0
4515,0.0
4516,0.0
4517,0.0
4518,0.0
4519,0.0
4520,0.0
4521,0.0
4522,0.0
4523,0.0
4524,0.0
4525,0.0
4526,0.0
4527,0.0
4528,0.0
4529,0.0
4530,0.0
4531,0.0
4532,0.0
4533,0.0
4534,0.0
4535,0.0
4536,0.0
4537,0.0
4538,0.0
4539,0.0
4540,0.0
4541,0.0
4542,0.0
4543,0.0
4544,0.0
4545,0.0
4546,0.0
4547,0.0
4548,0.0
4549,0.0
4550,0.0
4551,0.0
4552,0.0
4553,0.0
4554,0.0
4555,0.0
4556,0.0
4557,0.0
4558,0.0
4559,0.0
4560,0.0
4561,0.0
4562,0.0
4563,0.0
4564,0.0
4565,0.0
4566,0.0
4567,0.0
4568,0.0
4569,0.0
4570,0.0
4571,0.0
4572,0.0
4573,0.0
4574,0.0
4575,0.0
4576,0.0
4577,0.0
4578,0.0
4579,0.0
4580,0.0
4581,0.0
4582,0.0
4583,0.0
4584,0.0
4585,0.0
4586,0.0
4587,0.0
4588,0.0
4589,0.0
4590,0.0
4591,0.0
4592,0.0
4593,0.0
4594,0.0
4595,0.0
4596,0.0
4597,0.0
4598,0.0
4599,0.0
4600,0.0
4601,0.0
4602,0.0
4603,0.0
4604,0.0
4605,0.0
4606,0.0
4607,0.0
4608,0.0
4609,0.0
4610,0.0
4611,0.0
4612,0.0
4613,0.0
4614,0.0
4615,0.0
4616,0.0
4617,0.0
4618,0.0
4619,0.0
4620,0.0
4621,0.0
4622,0.0
4623,0.0
4624,0.0
4625,0.0
4626,0.0
4627,0.0
4628,0.0
4629,0.0
4630,0.0
4631,0.0
4632,0.0
4633,0.0
4634,0.0
4635,0.0
4636,0.0
4637,0.0
4638,0.0
4639,0.0
4640,0.0
4641,0.0
4642,0.0
4643,0.0
4644,0.0
4645,0.0
4646,0.0
4647,0.0
4648,0.0
4649,0.0
4650,0.0
4651,0.0
4652,0.0
4653,0.0
4654,0.0
4655,0.0
4656,0.0
4657,0.0
4658,0.0
4659,0.0
4660,0.0
4661,0.0
4662,0.0
4663,0.0
4664,0.0
4665,0.0
4666,0.0
4667,0.0
4668,0.0
4669,0.0
4670,0.0
4671,0.0
4672,0.0
4673,0.0
4674,0.0
4675,0.0
4676,0.0
4677,0.0
4678,0.0
4679,0.0
4680,0.0
4681,0.0
4682,0.0
4683,0.0
4684,0.0
4685,0.0
4686,0.0
4687,0.0
4688,0.0
4689,0.0
4690,0.0
4691,0.0
4692,0.0
4693,0.0
4694,0.0
4695,0.0
4696,0.0
4697,0.0
4698,0.0
4699,0.0
4700,0.0
4701,0.0
4702,0.0
4703,0.0
4704,0.0
4705,0.0
4706,0.0
4707,0.0
4708,0.0
4709,0.0
4710,0.0
4711,0.0
4712,0.0
4713,0.0
4714,0.0
4715,0.0
4716,0.0
4717,0.0
4718,0.0
4719,0.0
4720,0.0
4721,0.0
4722,0.0
4723,0.0
4724,0.0
4725,0.0
4726,0.0
4727,0.0
4728,0.0
4729,0.0
4730,0.0
4731,0.0
4732,0.0
4733,0.0
4734,0.0
4735,0.0
4736,0.0
4737,0.0
4738,0.0
4739,0.0
4740,0.0
4741,0.0
4742,0.0
4743,0.0
4744,0.0
4745,0.0
4746,0.0
4747,0.0
4748,0.0
4749,0.0
4750,0.0
4751,0.0
4752,0.0
4753,0.0
4754,0.0
4755,0.0
4756,0.0
4757,0.0
4758,0.0
4759,0.0
4760,0.0
4761,0.0
4762,0.0
4763,0.0
4764,0.0
4765,0.0
4766,0.0
4767,0.0
4768,0.0
4769,0.0
4770,0.0
4771,0.0
4772,0.0
4773,0.0
4774,0.0
4775,0.0
4776,0.0
4777,0.0
4778,0.0
4779,0.0
4780,0.0
4781,0.0
4782,0.0
4783,0.0
4784,0.0
4785,0.0
4786,0.0
4787,0.0
4788,0.0
4789,0.0
4790,0.0
4791,0.0
4792,0.0
4793,0.0
4794,0.0
4795,0.0
4796,0.0
4797,0.0
4798,0.0
4799,0.0
4800,0.0
4801,0.0
4802,0.0
4803,0.0
4804,0.0
4805,0.0
4806,0.0
4807,0.0
4808,0.0
4809,0.0
4810,0.0
4811,0.0
4812,0.0
4813,0.0
4814,0.0
4815,0.0
4816,0.0
4817,0.0
4818,0.0
4819,0.0
4820,0.0
4821,0.0
4822,0.0
4823,0.0
4824,0.0
4825,0.0
4826,0.0
4827,0.0
4828,0.0
4829,0.0
4830,0.0
4831,0.0
4832,0.0
4833,0.0
4834,0.0
4835,0.0
4836,0.0
4837,0.0
4838,0.0
4839,0.0
4840,0.0
4841,0.0
4842,0.0
4843,0.0
4844,0.0
4845,0.0
4846,0.0
4847,0.0
4848,0.0
4849,0.0
4850,0.0
4851,0.0
4852,0.0
4853,0.0
4854,0.0
4855,0.0
4856,0.0
4857,0.0
4858,0.0
4859,0.0
4860,0.0
4861,0.0
4862,0.0
4863,0.0
4864,0.0
4865,0.0
4866,0.0
4867,0.0
4868,0.0
4869,0.0
4870,0.0
4871,0.0
4872,0.0
4873,0.0
4874,0.0
4875,0.0
4876,0.0
4877,0.0
4878,0.0
4879,0.0
4880,0.0
4881,0.0
4882,0.0
4883,0.0
4884,0.0
4885,0.0
4886,0.0
4887,0.0
4888,0.0
4889,0.0
4890,0.0
4891,0.0
4892,0.0
4893,0.0
4894,0.0
4895,0.0
4896,0.0
4897,0.0
4898,0.0
4899,0.0
4900,0.0
4901,0.0
4902,0.0
4903,0.0
4904,0.0
4905,0.0
4906,0.0
4907,0.0
4908,0.0
4909,0.0
4910,0.0
4911,0.0
4912,0.0
4913,0.0
4914,0.0
4915,0.0
4916,0.0
4917,0.0
4918,0.0
4919,0.0
4920,0.0
4921,0.0
4922,0.0
4923,0.0
4924,0.0
4925,0.0
4926,0.0
4927,0.0
4928,0.0
4929,0.0
4930,0.0
4931,0.0
4932,0.0
4933,0.0
4934,0.0
4935,0.0
4936,0.0
4937,0.0
4938,0.0
4939,0.0
4940,0.0
4941,0.0
4942,0.0
4943,0.0
4944,0.0
4945,0.0
4946,0.0
4947,0.0
4948,0.0
4949,0.0
4950,0.0
4951,0.0
4952,0.0
4953,0.0
4954,0.0
4955,0.0
4956,0.0
4957,0.0
4958,0.0
4959,0.0
4960,0.0
4961,0.0
4962,0.0
4963,0.0
4964,0.0
4965,0.0
4966,0.0
4967,0.0
4968,0.0
4969,0.0
4970,0.0
4971,0.0
4972,0.0
4973,0.0
4974,0.0
4975,0.0
4976,0.0
4977,0.0
4978,0.0
4979,0.0
4980,0.0
4981,0.0
4982,0.0
4983,0.0
4984,0.0
4985,0.0
4986,0.0
4987,0.0
4988,0.0
4989,0.0
4990,0.0
4991,0.0
4992,0.0
4993,0.0
4994,0.0
4995,0.0
4996,0.0
4997,0.0
4998,0.0
4999,0.0
5000,0.0
5001,0.0
5002,0.0
5003,0.0
5004,0.0
5005,0.0
5006,0.0
5007,0.0
5008,0.0
5009,0.0
5010,0.0
5011,0.0
5012,0.0
5013,0.0
5014,0.0
5015,0.0
5016,0.0
5017,0.0
5018,0.0
5019,0.0
5020,0.0
5021,0.0
5022,0.0
5023,0.0
5024,0.0
5025,0.0
5026,0.0
5027,0.0
5028,0.0
5029,0.0
5030,0.0
5031,0.0
5032,0.0
5033,0.0
5034,0.0
5035,0.0
5036,0.0
5037,0.0
5038,0.0
5039,0.0
5040,0.0
5041,0.0
5042,0.0
5043,0.0
5044,0.0
5045,0.0
5046,0.0
5047,0.0
5048,0.0
5049,0.0
5050,0.0
5051,0.0
5052,0.0
5053,0.0
5054,0.0
5055,0.0
5056,0.0
5057,0.0
5058,0.0
5059,0.0
5060,0.0
5061,0.0
5062,0.0
5063,0.0
5064,0.0
5065,0.0
5066,0.0
5067,0.0
5068,0.0
5069,0.0
5070,0.0
5071,0.0
5072,0.0
5073,0.0
5074,0.0
5075,0.0
5076,0.0
5077,0.0
5078,0.0
5079,0.0
5080,0.0
5081,0.0
5082,0.0
5083,0.0
5084,0.0
5085,0.0
5086,0.0
5087,0.0
5088,0.0
5089,0.0
5090,0.0
5091,0.0
5092,0.0
5093,0.0
5094,0.0
5095,0.0
5096,0.0
5097,0.0
5098,0.0
5099,0.0
5100,0.0
5101,0.0
5102,0.0
5103,0.0
5104,0.0
5105,0.0
5106,0.0
5107,0.0
5108,0.0
5109,0.0
5110,0.0
5111,0.0
5112,0.0
5113,0.0
5114,0.0
5115,0.0
5116,0.0
5117,0.0
5118,0.0
5119,0.0
5120,0.0
5121,0.0
5122,0.0
5123,0.0
5124,0.0
5125,0.0
5126,0.0
5127,0.0
5128,0.0
5129,0.0
5130,0.0
5131,0.0
5132,0.0
5133,0.0
5134,0.0
5135,0.0
5136,0.0
5137,0.0
5138,0.0
5139,0.0
5140,0.0
5141,0.0
5142,0.0
5143,0.0
5144,0.0
5145,0.0
5146,0.0
5147,0.0
5148,0.0
5149,0.0
5150,0.0
5151,0.0
5152,0.0
5153,0.0
5154,0.0
5155,0.0
5156,0.0
5157,0.0
5158,0.0
5159,0.0
5160,0.0
5161,0.0
5162,0.0
5163,0.0
5164,0.0
5165,0.0
5166,0.0
5167,0.0
5168,0.0
5169,0.0
5170,0.0
5171,0.0
5172,0.0
5173,0.0
5174,0.0
5175,0.0
5176,0.0
5177,0.0
5178,0.0
5179,0.0
5180,0.0
5181,0.0
5182,0.0
5183,0.0
5184,0.0
5185,0.0
5186,0.0
5187,0.0
5188,0.0
5189,0.0
5190,0.0
5191,0.0
5192,0.0
5193,0.0
5194,0.0
5195,0.0
5196,0.0
5197,0.0
5198,0.0
5199,0.0
5200,0.0
5201,0.0
5202,0.0
5203,0.0
5204,0.0
5205,0.0
5206,0.0
5207,0.0
5208,0.0
5209,0.0
5210,0.0
5211,0.0
5212,0.0
5213,0.0
5214,0.0
5215,0.0
5216,0.0
5217,0.0
5218,0.0
5219,0.0
5220,0.0
5221,0.0
5222,0.0
5223,0.0
5224,0.0
5225,0.0
5226,0.0
5227,0.0
5228,0.0
5229,0.0
5230,0.0
5231,0.0
5232,0.0
5233,0.0
5234,0.0
5235,0.0
5236,0.0
5237,0.0
5238,0.0
5239,0.0
5240,0.0
5241,0.0
5242,0.0
5243,0.0
5244,0.0
5245,0.0
5246,0.0
5247,0.0
5248,0.0
5249,0.0
5250,0.0
5251,0.0
5252,0.0
5253,0.0
5254,0.0
5255,0.0
5256,0.0
5257,0.0
5258,0.0
5259,0.0
5260,0.0
5261,0.0
5262,0.0
5263,0.0
5264,0.0
5265,0.0
5266,0.0
5267,0.0
5268,0.0
5269,0.0
5270,0.0
5271,0.0
5272,0.0
5273,0.0
5274,0.0
5275,0.0
5276,0.0
5277,0.0
5278,0.0
5279,0.0
5280,0.0
5281,0.0
5282,0.0
5283,0.0
5284,0.0
5285,0.0
5286,0.0
5287,0.0
5288,0.0
5289,0.0
5290,0.0
5291,0.0
5292,0.0
5293,0.0
5294,0.0
5295,0.0
5296,0.0
5297,0.0
5298,0.0
5299,0.0
5300,0.0
5301,0.0
5302,0.0
5303,0.0
5304,0.0
5305,0.0
5306,0.0
5307,0.0
5308,0.0
5309,0.0
5310,0.0
5311,0.0
5312,0.0
5313,0.0
5314,0.0
5315,0.0
5316,0.0
5317,0.0
5318,0.0
5319,0.0
5320,0.0
5321,0.0
5322,0.0
5323,0.0
5324,0.0
5325,0.0
5326,0.0
5327,0.0
5328,0.0
5329,0.0
5330,0.0
5331,0.0
5332,0.0
5333,0.0
5334,0.0
5335,0.0
5336,0.0
5337,0.0
5338,0.0
5339,0.0
5340,0.0
5341,0.0
5342,0.0
5343,0.0
5344,0.0
5345,0.0
5346,0.0
5347,0.0
5348,0.0
5349,0.0
5350,0.0
5351,0.0
5352,0.0
5353,0.0
5354,0.0
5355,0.0
5356,0.0
5357,0.0
5358,0.0
5359,0.0
5360,0.0
5361,0.0
5362,0.0
5363,0.0
5364,0.0
5365,0.0
5366,0.0
5367,0.0
5368,0.0
5369,0.0
5370,0.0
5371,0.0
5372,0.0
5373,0.0
5374,0.0
5375,0.0
5376,0.0
5377,0.0
5378,0.0
5379,0.0
5380,0.0
5381,0.0
5382,0.0
5383,0.0
5384,0.0
5385,0.0
5386,0.0
5387,0.0
5388,0.0
5389,0.0
5390,0.0
5391,0.0
5392,0.0
5393,0.0
5394,0.0
5395,0.0
5396,0.0
5397,0.0
5398,0.0
5399,0.0
5400,0.0
5401,0.0
5402,0.0
5403,0.0
5404,0.0
5405,0.0
5406,0.0
5407,0.0
5408,0.0
5409,0.0
5410,0.0
5411,0.0
5412,0.0
5413,0.0
5414,0.0
5415,0.0
5416,0.0
5417,0.0
5418,0.0
5419,0.0
5420,0.0
5421,0.0
5422,0.0
5423,0.0
5424,0.0
5425,0.0
5426,0.0
5427,0.0
5428,0.0
5429,0.0
5430,0.0
5431,0.0
5432,0.0
5433,0.0
5434,0.0
5435,0.0
5436,0.0
5437,0.0
5438,0.0
5439,0.0
5440,0.0
5441,0.0
5442,0.0
5443,0.0
5444,0.0
5445,0.0
5446,0.0
5447,0.0
5448,0.0
5449,0.0
5450,0.0
5451,0.0
5452,0.0
5453,0.0
5454,0.0
5455,0.0
5456,0.0
5457,0.0
5458,0.0
5459,0.0
5460,0.0
5461,0.0
5462,0.0
5463,0.0
5464,0.0
5465,0.0
5466,0.0
5467,0.0
5468,0.0
5469,0.0
5470,0.0
5471,0.0
5472,0.0
5473,0.0
5474,0.0
5475,0.0
5476,0.0
5477,0.0
5478,0.0
5479,0.0
5480,0.0
5481,0.0
5482,0.0
5483,0.0
5484,0.0
5485,0.0
5486,0.0
5487,0.0
5488,0.0
5489,0.0
5490,0.0
5491,0.0
5492,0.0
5493,0.0
5494,0.0
5495,0.0
5496,0.0
5497,0.0
5498,0.0
5499,0.0
5500,0.0
5501,0.0
5502,0.0
5503,0.0
5504,0.0
5505,0.0
5506,0.0
5507,0.0
5508,0.0
5509,0.0
5510,0.0
5511,0.0
5512,0.0
5513,0.0
5514,0.0
5515,0.0
5516,0.0
5517,0.0
5518,0.0
5519,0.0
5520,0.0
5521,0.0
5522,0.0
5523,0.0
5524,0.0
5525,0.0
5526,0.0
5527,0.0
5528,0.0
5529,0.0
5530,0.0
5531,0.0
5532,0.0
5533,0.0
5534,0.0
5535,0.0
5536,0.0
5537,0.0
5538,0.0
5539,0.0
5540,0.0
5541,0.0
5542,0.0
5543,0.0
5544,0.0
5545,0.0
5546,0.0
5547,0.0
5548,0.0
5549,0.0
5550,0.0
5551,0.0
5552,0.0
5553,0.0
5554,0.0
5555,0.0
5556,0.0
5557,0.0
5558,0.0
5559,0.0
5560,0.0
5561,0.0
5562,0.0
5563,0.0
5564,0.0
5565,0.0
5566,0.0
5567,0.0
5568,0.0
5569,0.0
5570,0.0
5571,0.0
5572,0.0
5573,0.0
5574,0.0
5575,0.0
5576,0.0
5577,0.0
5578,0.0
5579,0.0
5580,0.0
5581,0.0
5582,0.0
5583,0.0
5584,0.0
5585,0.0
5586,0.0
5587,0.0
5588,0.0
5589,0.0
5590,0.0
5591,0.0
5592,0.0
5593,0.0
5594,0.0
5595,0.0
5596,0.0
5597,0.0
5598,0.0
5599,0.0
5600,0.0
5601,0.0
5602,0.0
5603,0.0
5604,0.0
5605,0.0
5606,0.0
5607,0.0
5608,0.0
5609,0.0
5610,0.0
5611,0.0
5612,0.0
5613,0.0
5614,0.0
5615,0.0
5616,0.0
5617,0.0
5618,0.0
5619,0.0
5620,0.0
5621,0.0
5622,0.0
5623,0.0
5624,0.0
5625,0.0
5626,0.0
5627,0.0
5628,0.0
5629,0.0
5630,0.0
5631,0.0
5632,0.0
5633,0.0
5634,0.0
5635,0.0
5636,0.0
5637,0.0
5638,0.0
5639,0.0
5640,0.0
5641,0.0
5642,0.0
5643,0.0
5644,0.0
5645,0.0
5646,0.0
5647,0.0
5648,0.0
5649,0.0
5650,0.0
5651,0.0
5652,0.0
5653,0.0
5654,0.0
5655,0.0
5656,0.0
5657,0.0
5658,0.0
5659,0.0
5660,0.0
5661,0.0
5662,0.0
5663,0.0
5664,0.0
5665,0.0
5666,0.0
5667,0.0
5668,0.0
5669,0.0
5670,0.0
5671,0.0
5672,0.0
5673,0.0
5674,0.0
5675,0.0
5676,0.0
5677,0.0
5678,0.0
5679,0.0
5680,0.0
5681,0.0
5682,0.0
5683,0.0
5684,0.0
5685,0.0
5686,0.0
5687,0.0
5688,0.0
5689,0.0
5690,0.0
5691,0.0
5692,0.0
5693,0.0
5694,0.0
5695,0.0
5696,0.0
5697,0.0
5698,0.0
5699,0.0
5700,0.0
5701,0.0
5702,0.0
5703,0.0
5704,0.0
5705,0.0
5706,0.0
5707,0.0
5708,0.0
5709,0.0
5710,0.0
5711,0.0
5712,0.0
5713,0.0
5714,0.0
5715,0.0
5716,0.0
5717,0.0
5718,0.0
5719,0.0
5720,0.0
5721,0.0
5722,0.0
5723,0.0
5724,0.0
5725,0.0
5726,0.0
5727,0.0
5728,0.0
5729,0.0
5730,0.0
5731,0.0
5732,0.0
5733,0.0
5734,0.0
5735,0.0
5736,0.0
5737,0.0
5738,0.0
5739,0.0
5740,0.0
5741,0.0
5742,0.0
5743,0.0
5744,0.0
5745,0.0
5746,0.0
5747,0.0
5748,0.0
5749,0.0
5750,0.0
5751,0.0
5752,0.0
5753,0.0
5754,0.0
5755,0.0
5756,0.0
5757,0.0
5758,0.0
5759,0.0
5760,0.0
5761,0.0
5762,0.0
5763,0.0
5764,0.0
5765,0.0
5766,0.0
5767,0.0
5768,0.0
5769,0.0
5770,0.0
5771,0.0
5772,0.0
5773,0.0
5774,0.0
5775,0.0
5776,0.0
5777,0.0
5778,0.0
5779,0.0
5780,0.0
5781,0.0
5782,0.0
5783,0.0
5784,0.0
5785,0.0
5786,0.0
5787,0.0
5788,0.0
5789,0.0
5790,0.0
5791,0.0
5792,0.0
5793,0.0
5794,0.0
5795,0.0
5796,0.0
5797,0.0
5798,0.0
5799,0.0
5800,0.0
5801,0.0
5802,0.0
5803,0.0
5804,0.0
5805,0.0
5806,0.0
5807,0.0
5808,0.0
5809,0.0
5810,0.0
5811,0.0
5812,0.0
5813,0.0
5814,0.0
5815,0.0
5816,0.0
5817,0.0
5818,0.0
5819,0.0
5820,0.0
5821,0.0
5822,0.0
5823,0.0
5824,0.0
5825,0.0
5826,0.0
5827,0.0
5828,0.0
5829,0.0
5830,0.0
5831,0.0
5832,0.0
5833,0.0
5834,0.0
5835,0.0
5836,0.0
5837,0.0
5838,0.0
5839,0.0
5840,0.0
5841,0.0
5842,0.0
5843,0.0
5844,0.0
5845,0.0
5846,0.0
5847,0.0
5848,0.0
5849,0.0
5850,0.0
5851,0.0
5852,0.0
5853,0.0
5854,0.0
5855,0.0
5856,0.0
5857,0.0
5858,0.0
5859,0.0
5860,0.0
5861,0.0
5862,0.0
5863,0.0
5864,0.0
5865,0.0
5866,0.0
5867,0.0
5868,0.0
5869,0.0
5870,0.0
5871,0.0
5872,0.0
5873,0.0
5874,0.0
5875,0.0
5876,0.0
5877,0.0
5878,0.0
5879,0.0
5880,0.0
5881,0.0
5882,0.0
5883,0.0
5884,0.0
5885,0.0
5886,0.0
5887,0.0
5888,0.0
5889,0.0
5890,0.0
5891,0.0
5892,0.0
5893,0.0
5894,0.0
5895,0.0
5896,0.0
5897,0.0
5898,0.0
5899,0.0
5900,0.0
5901,0.0
5902,0.0
5903,0.0
5904,0.0
5905,0.0
5906,0.0
5907,0.0
5908,0.0
5909,0.0
5910,0.0
5911,0.0
5912,0.0
5913,0.0
5914,0.0
5915,0.0
5916,0.0
5917,0.0
5918,0.0
5919,0.0
5920,0.0
5921,0.0
5922,0.0
5923,0.0
5924,0.0
5925,0.0
5926,0.0
5927,0.0
5928,0.0
5929,0.0
5930,0.0
5931,0.0
5932,0.0
5933,0.0
5934,0.0
5935,0.0
5936,0.0
5937,0.0
5938,0.0
5939,0.0
5940,0.0
5941,0.0
5942,0.0
5943,0.0
5944,0.0
5945,0.0
5946,0.0
5947,0.0
5948,0.0
5949,0.0
5950,0.0
5951,0.0
5952,0.0
5953,0.0
5954,0.0
5955,0.0
5956,0.0
5957,0.0
5958,0.0
5959,0.0
5960,0.0
5961,0.0
5962,0.0
5963,0.0
5964,0.0
5965,0.0
5966,0.0
5967,0.0
5968,0.0
5969,0.0
5970,0.0
5971,0.0
5972,0.0
5973,0.0
5974,0.0
5975,0.0
5976,0.0
5977,0.0
5978,0.0
5979,0.0
5980,0.0
5981,0.0
5982,0.0
5983,0.0
5984,0.0
5985,0.0
5986,0.0
5987,0.0
5988,0.0
5989,0.0
5990,0.0
5991,0.0
5992,0.0
5993,0.0
5994,0.0
5995,0.0
5996,0.0
5997,0.0
5998,0.0
5999,0.0
6000,2.0
6001,2.0
6002,2.0
6003,2.0
6004,2.0
6005,2.0
6006,2.0
6007,2.0
6008,2.0
6009,2.0
6010,2.0
6011,2.0
6012,2.0
6013,2.0
6014,2.0
6015,2.0
6016,2.0
6017,2.0
6018,2.0
6019,2.0
6020,2.0
6021,2.0
6022,2.0
6023,2.0
6024,2.0
6025,2.0
6026,2.0
6027,2.0
6028,2.0
6029,2.0
6030,2.0
6031,2.0
6032,2.0
6033,2.0
6034,2.0
6035,2.0
6036,2.0
6037,2.0
6038,2.0
6039,2.0
6040,2.0
6041,2.0
6042,2.0
6043,2.0
6044,2.0
6045,2.0
6046,2.0
6047,2.0
6048,2.0
6049,2.0
6050,2.0
6051,2.0
6052,2.0
6053,2.0
6054,2.0
6055,2.0
6056,2.0
6057,2.0
6058,2.0
6059,2.0
6060,2.0
6061,2.0
6062,2.0
6063,2.0
6064,2.0
6065,2.0
6066,2.0
6067,2.0
6068,2.0
6069,2.0
6070,2.0
6071,2.0
6072,2.0
6073,2.0
6074,2.0
6075,2.0
6076,2.0
6077,2.0
6078,2.0
6079,2.0
6080,2.0
6081,2.0
6082,2.0
6083,2.0
6084,2.0
6085,2.0
6086,2.0
6087,2.0
6088,2.0
6089,2.0
6090,2.0
6091,2.0
6092,2.0
6093,2.0
6094,2.0
6095,2.0
6096,2.0
6097,2.0
6098,2.0
6099,2.0
6100,2.0
6101,2.0
6102,2.0
6103,2.0
6104,2.0
6105,2.0
6106,2.0
6107,2.0
6108,2.0
6109,2.0
6110,2.0
6111,2.0
6112,2.0
6113,2.0
6114,2.0
6115,2.0
6116,2.0
6117,2.0
6118,2.0
6119,2.0
6120,2.0
6121,2.0
6122,2.0
6123,2.0
6124,2.0
6125,2.0
6126,2.0
6127,2.0
6128,2.0
6129,2.0
6130,2.0
6131,2.0
6132,2.0
6133,2.0
6134,2.0
6135,2.0
6136,2.0
6137,2.0
6138,2.0
6139,2.0
6140,2.0
6141,2.0
6142,2.0
6143,2.0
6144,2.0
6145,2.0
6146,2.0
6147,2.0
6148,2.0
6149,2.0
6150,2.0
6151,2.0
6152,2.0
6153,2.0
6154,2.0
6155,2.0
6156,2.0
6157,2.0
6158,2.0
6159,2.0
6160,2.0
6161,2.0
6162,2.0
6163,2.0
6164,2.0
6165,2.0
6166,2.0
6167,2.0
6168,2.0
6169,2.0
6170,2.0
6171,2.0
6172,2.0
6173,2.0
6174,2.0
6175,2.0
6176,2.0
6177,2.0
6178,2.0
6179,2.0
6180,2.0
6181,2.0
6182,2.0
6183,2.0
6184,2.0
6185,2.0
6186,2.0
6187,2.0
6188,2.0
6189,2.0
6190,2.0
6191,2.0
6192,2.0
6193,2.0
6194,2.0
6195,2.0
6196,2.0
6197,2.0
6198,2.0
6199,2.0
6200,2.0
6201,2.0
6202,2.0
6203,2.0
6204,2.0
6205,2.0
6206,2.0
6207,2.0
6208,2.0
6209,2.0
6210,2.0
6211,2.0
6212,2.0
6213,2.0
6214,2.0
6215,2.0
6216,2.0
6217,2.0
6218,2.0
6219,2.0
6220,2.0
6221,2.0
6222,2.0
6223,2.0
6224,2.0
6225,2.0
6226,2.0
6227,2.0
6228,2.0
6229,2.0
6230,2.0
6231,2.0
6232,2.0
6233,2.0
6234,2.0
6235,2.0
6236,2.0
6237,2.0
6238,2.0
6239,2.0
6240,2.0
6241,2.0
6242,2.0
6243,2.0
6244,2.0
6245,2.0
6246,2.0
6247,2.0
6248,2.0
6249,2.0
6250,2.0
6251,2.0
6252,2.0
6253,2.0
6254,2.0
6255,2.0
6256,2.0
6257,2.0
6258,2.0
6259,2.0
6260,2.0
6261,2.0
6262,2.0
6263,2.0
6264,2.0
6265,2.0
6266,2.0
6267,2.0
6268,2.0
6269,2.0
6270,2.0
6271,2.0
6272,2.0
6273,2.0
6274,2.0
6275,2.0
6276,2.0
6277,2.0
6278,2.0
6279,2.0
6280,2.0
6281,2.0
6282,2.0
6283,2.0
6284,2.0
6285,2.0
6286,2.0
6287,2.0
6288,2.0
6289,2.0
6290,2.0
6291,2.0
6292,2.0
6293,2.0
6294,2.0
6295,2.0
6296,2.0
6297,2.0
6298,2.0
6299,2.0
6300,2.0
6301,2.0
6302,2.0
6303,2.0
6304,2.0
6305,2.0
6306,2.0
6307,2.0
6308,2.0
6309,2.0
6310,2.0
6311,2.0
6312,2.0
6313,2.0
6314,2.0
6315,2.0
6316,2.0
6317,2.0
6318,2.0
6319,2.0
6320,2.0
6321,2.0
6322,2.0
6323,2.0
6324,2.0
6325,2.0
6326,2.0
6327,2.0
6328,2.0
6329,2.0
6330,2.0
6331,2.0
6332,2.0
6333,2.0
6334,2.0
6335,2.0
6336,2.0
6337,2.0
6338,2.0
6339,2.0
6340,2.0
6341,2.0
6342,2.0
6343,2.0
6344,2.0
6345,2.0
6346,2.0
6347,2.0
6348,2.0
6349,2.0
6350,2.0
6351,2.0
6352,2.0
6353,2.0
6354,2.0
6355,2.0
6356,2.0
6357,2.0
6358,2.0
6359,2.0
6360,2.0
6361,2.0
6362,2.0
6363,2.0
6364,2.0
6365,2.0
6366,2.0
6367,2.0
6368,2.0
6369,2.0
6370,2.0
6371,2.0
6372,2.0
6373,2.0
6374,2.0
6375,2.0
6376,2.0
6377,2.0
6378,2.0
6379,2.0
6380,2.0
6381,2.0
6382,2.0
6383,2.0
6384,2.0
6385,2.0
6386,2.0
6387,2.0
6388,2.0
6389,2.0
6390,2.0
6391,2.0
6392,2.0
6393,2.0
6394,2.0
6395,2.0
6396,2.0
6397,2.0
6398,2.0
6399,2.0
6400,2.0
6401,2.0
6402,2.0
6403,2.0
6404,2.0
6405,2.0
6406,2.0
6407,2.0
6408,2.0
6409,2.0
6410,2.0
6411,2.0
6412,2.0
6413,2.0
6414,2.0
6415,2.0
6416,2.0
6417,2.0
6418,2.0
6419,2.0
6420,2.0
6421,2.0
6422,2.0
6423,2.0
6424,2.0
6425,2.0
6426,2.0
6427,2.0
6428,2.0
6429,2.0
6430,2.0
6431,2.0
6432,2.0
6433,2.0
6434,2.0
6435,2.0
6436,2.0
6437,2.0
6438,2.0
6439,2.0
6440,2.0
6441,2.0
6442,2.0
6443,2.0
6444,2.0
6445,2.0
6446,2.0
6447,2.0
6448,2.0
6449,2.0
6450,2.0
6451,2.0
6452,2.0
6453,2.0
6454,2.0
6455,2.0
6456,2.0
6457,2.0
6458,2.0
6459,2.0
6460,2.0
6461,2.0
6462,2.0
6463,2.0
6464,2.0
6465,2.0
6466,2.0
6467,2.0
6468,2.0
6469,2.0
6470,2.0
6471,2.0
6472,2.0
6473,2.0
6474,2.0
6475,2.0
6476,2.0
6477,2.0
6478,2.0
6479,2.0
6480,2.0
6481,2.0
6482,2.0
6483,2.0
6484,2.0
6485,2.0
6486,2.0
6487,2.0
6488,2.0
6489,2.0
6490,2.0
6491,2.0
6492,2.0
6493,2.0
6494,2.0
6495,2.0
6496,2.0
6497,2.0
6498,2.0
6499,2.0
6500,2.0
6501,2.0
6502,2.0
6503,2.0
6504,2.0
6505,2.0
6506,2.0
6507,2.0
6508,2.0
6509,2.0
6510,2.0
6511,2.0
6512,2.0
6513,2.0
6514,2.0
6515,2.0
6516,2.0
6517,2.0
6518,2.0
6519,2.0
6520,2.0
6521,2.0
6522,2.0
6523,2.0
6524,2.0
6525,2.0
6526,2.0
6527,2.0
6528,2.0
6529,2.0
6530,2.0
6531,2.0
6532,2.0
6533,2.0
6534,2.0
6535,2.0
6536,2.0
6537,2.0
6538,2.0
6539,2.0
6540,2.0
6541,2.0
6542,2.0
6543,2.0
6544,2.0
6545,2.0
6546,2.0
6547,2.0
6548,2.0
6549,2.0
6550,2.0
6551,2.0
6552,2.0
6553,2.0
6554,2.0
6555,2.0
6556,2.0
6557,2.0
6558,2.0
6559,2.0
6560,2.0
6561,2.0
6562,2.0
6563,2.0
6564,2.0
6565,2.0
6566,2.0
6567,2.0
6568,2.0
6569,2.0
6570,2.0
6571,2.0
6572,2.0
6573,2.0
6574,2.0
6575,2.0
6576,2.0
6577,2.0
6578,2.0
6579,2.0
6580,2.0
6581,2.0
6582,2.0
6583,2.0
6584,2.0
6585,2.0
6586,2.0
6587,2.0
6588,2.0
6589,2.0
6590,2.0
6591,2.0
6592,2.0
6593,2.0
6594,2.0
6595,2.0
6596,2.0
6597,2.0
6598,2.0
6599,2.0
6600,2.0
6601,2.0
6602,2.0
6603,2.0
6604,2.0
6605,2.0
6606,2.0
6607,2.0
6608,2.0
6609,2.0
6610,2.0
6611,2.0
6612,2.0
6613,2.0
6614,2.0
6615,2.0
6616,2.0
6617,2.0
6618,2.0
6619,2.0
6620,2.0
6621,2.0
6622,2.0
6623,2.0
6624,2.0
6625,2.0
6626,2.0
6627,2.0
6628,2.0
6629,2.0
6630,2.0
6631,2.0
6632,2.0
6633,2.0
6634,2.0
6635,2.0
6636,2.0
6637,2.0
6638,2.0
6639,2.0
6640,2.0
6641,2.0
6642,2.0
6643,2.0
6644,2.0
6645,2.0
6646,2.0
6647,2.0
6648,2.0
6649,2.0
6650,2.0
6651,2.0
6652,2.0
6653,2.0
6654,2.0
6655,2.0
6656,2.0
6657,2.0
6658,2.0
6659,2.0
6660,2.0
6661,2.0
6662,2.0
6663,2.0
6664,2.0
6665,2.0
6666,2.0
6667,2.0
6668,2.0
6669,2.0
6670,2.0
6671,2.0
6672,2.0
6673,2.0
6674,2.0
6675,2.0
6676,2.0
6677,2.0
6678,2.0
6679,2.0
6680,2.0
6681,2.0
6682,2.0
6683,2.0
6684,2.0
6685,2.0
6686,2.0
6687,2.0
6688,2.0
6689,2.0
6690,2.0
6691,2.0
6692,2.0
6693,2.0
6694,2.0
6695,2.0
6696,2.0
6697,2.0
6698,2.0
6699,2.0
6700,2.0
6701,2.0
6702,2.0
6703,2.0
6704,2.0
6705,2.0
6706,2.0
6707,2.0
6708,2.0
6709,2.0
6710,2.0
6711,2.0
6712,2.0
6713,2.0
6714,2.0
6715,2.0
6716,2.0
6717,2.0
6718,2.0
6719,2.0
6720,2.0
6721,2.0
6722,2.0
6723,2.0
6724,2.0
6725,2.0
6726,2.0
6727,2.0
6728,2.0
6729,2.0
6730,2.0
6731,2.0
6732,2.0
6733,2.0
6734,2.0
6735,2.0
6736,2.0
6737,2.0
6738,2.0
6739,2.0
6740,2.0
6741,2.0
6742,2.0
6743,2.0
6744,2.0
6745,2.0
6746,2.0
6747,2.0
6748,2.0
6749,2.0
6750,2.0
6751,2.0
6752,2.0
6753,2.0
6754,2.0
6755,2.0
6756,2.0
6757,2.0
6758,2.0
6759,2.0
6760,2.0
6761,2.0
6762,2.0
6763,2.0
6764,2.0
6765,2.0
6766,2.0
6767,2.0
6768,2.0
6769,2.0
6770,2.0
6771,2.0
6772,2.0
6773,2.0
6774,2.0
6775,2.0
6776,2.0
6777,2.0
6778,2.0
6779,2.0
6780,2.0
6781,2.0
6782,2.0
6783,2.0
6784,2.0
6785,2.0
6786,2.0
6787,2.0
6788,2.0
6789,2.0
6790,2.0
6791,2.0
6792,2.0
6793,2.0
6794,2.0
6795,2.0
6796,2.0
6797,2.0
6798,2.0
6799,2.0
6800,2.0
6801,2.0
6802,2.0
6803,2.0
6804,2.0
6805,2.0
6806,2.0
6807,2.0
6808,2.0
6809,2.0
6810,2.0
6811,2.0
6812,2.0
6813,2.0
6814,2.0
6815,2.0
6816,2.0
6817,2.0
6818,2.0
6819,2.0
6820,2.0
6821,2.0
6822,2.0
6823,2.0
6824,2.0
6825,2.0
6826,2.0
6827,2.0
6828,2.0
6829,2.0
6830,2.0
6831,2.0
6832,2.0
6833,2.0
6834,2.0
6835,2.0
6836,2.0
6837,2.0
6838,2.0
6839,2.0
6840,2.0
6841,2.0
6842,2.0
6843,2.0
6844,2.0
6845,2.0
6846,2.0
6847,2.0
6848,2.0
6849,2.0
6850,2.0
6851,2.0
6852,2.0
6853,2.0
6854,2.0
6855,2.0
6856,2.0
6857,2.0
6858,2.0
6859,2.0
6860,2.0
6861,2.0
6862,2.0
6863,2.0
6864,2.0
6865,2.0
6866,2.0
6867,2.0
6868,2.0
6869,2.0
6870,2.0
6871,2.0
6872,2.0
6873,2.0
6874,2.0
6875,2.0
6876,2.0
6877,2.0
6878,2.0
6879,2.0
6880,2.0
6881,2.0
6882,2.0
6883,2.0
6884,2.0
6885,2.0
6886,2.0
6887,2.0
6888,2.0
6889,2.0
6890,2.0
6891,2.0
6892,2.0
6893,2.0
6894,2.0
6895,2.0
6896,2.0
6897,2.0
6898,2.0
6899,2.0
6900,2.0
6901,2.0
6902,2.0
6903,2.0
6904,2.0
6905,2.0
6906,2.0
6907,2.0
6908,2.0
6909,2.0
6910,2.0
6911,2.0
6912,2.0
6913,2.0
6914,2.0
6915,2.0
6916,2.0
6917,2.0
6918,2.0
6919,2.0
6920,2.0
6921,2.0
6922,2.0
6923,2.0
6924,2.0
6925,2.0
6926,2.0
6927,2.0
6928,2.0
6929,2.0
6930,2.0
6931,2.0
6932,2.0
6933,2.0
6934,2.0
6935,2.0
6936,2.0
6937,2.0
6938,2.0
6939,2.0
6940,2.0
6941,2.0
6942,2.0
6943,2.0
6944,2.0
6945,2.0
6946,2.0
6947,2.0
6948,2.0
6949,2.0
6950,2.0
6951,2.0
6952,2.0
6953,2.0
6954,2.0
6955,2.0
6956,2.0
6957,2.0
6958,2.0
6959,2.0
6960,2.0
6961,2.0
6962,2.0
6963,2.0
6964,2.0
6965,2.0
6966,2.0
6967,2.0
6968,2.0
6969,2.0
6970,2.0
6971,2.0
6972,2.0
6973,2.0
6974,2.0
6975,2.0
6976,2.0
6977,2.0
6978,2.0
6979,2.0
6980,2.0
6981,2.0
6982,2.0
6983,2.0
6984,2.0
6985,2.0
6986,2.0
6987,2.0
6988,2.0
6989,2.0
6990,2.0
6991,2.0
6992,2.0
6993,2.0
6994,2.0
6995,2.0
6996,2.0
6997,2.0
6998,2.0
6999,2.0
7000,2.0
7001,2.0
7002,2.0
7003,2.0
7004,2.0
7005,2.0
7006,2.0
7007,2.0
7008,2.0
7009,2.0
7010,2.0
7011,2.0
7012,2.0
7013,2.0
7014,2.0
7015,2.0
7016,2.0
7017,2.0
7018,2.0
7019,2.0
7020,2.0
7021,2.0
7022,2.0
7023,2.0
7024,2.0
7025,2.0
7026,2.0
7027,2.0
7028,2.0
7029,2.0
7030,2.0
7031,2.0
7032,2.0
7033,2.0
7034,2.0
7035,2.0
7036,2.0
7037,2.0
7038,2.0
7039,2.0
7040,2.0
7041,2.0
7042,2.0
7043,2.0
7044,2.0
7045,2.0
7046,2.0
7047,2.0
7048,2.0
7049,2.0
7050,2.0
7051,2.0
7052,2.0
7053,2.0
7054,2.0
7055,2.0
7056,2.0
7057,2.0
7058,2.0
7059,2.0
7060,2.0
7061,2.0
7062,2.0
7063,2.0
7064,2.0
7065,2.0
7066,2.0
7067,2.0
7068,2.0
7069,2.0
7070,2.0
7071,2.0
7072,2.0
7073,2.0
7074,2.0
7075,2.0
7076,2.0
7077,2.0
7078,2.0
7079,2.0
7080,2.0
7081,2.0
7082,2.0
7083,2.0
7084,2.0
7085,2.0
7086,2.0
7087,2.0
7088,2.0
7089,2.0
7090,2.0
7091,2.0
7092,2.0
7093,2.0
7094,2.0
7095,2.0
7096,2.0
7097,2.0
7098,2.0
7099,2.0
7100,2.0
7101,2.0
7102,2.0
7103,2.0
7104,2.0
7105,2.0
7106,2.0
7107,2.0
7108,2.0
7109,2.0
7110,2.0
7111,2.0
7112,2.0
7113,2.0
7114,2.0
7115,2.0
7116,2.0
7117,2.0
7118,2.0
7119,2.0
7120,2.0
7121,2.0
7122,2.0
7123,2.0
7124,2.0
7125,2.0
7126,2.0
7127,2.0
7128,2.0
7129,2.0
7130,2.0
7131,2.0
7132,2.0
7133,2.0
7134,2.0
7135,2.0
7136,2.0
7137,2.0
7138,2.0
7139,2.0
7140,2.0
7141,2.0
7142,2.0
7143,2.0
7144,2.0
7145,2.0
7146,2.0
7147,2.0
7148,2.0
7149,2.0
7150,2.0
7151,2.0
7152,2.0
7153,2.0
7154,2.0
7155,2.0
7156,2.0
7157,2.0
7158,2.0
7159,2.0
7160,2.0
7161,2.0
7162,2.0
7163,2.0
7164,2.0
7165,2.0
7166,2.0
7167,2.0
7168,2.0
7169,2.0
7170,2.0
7171,2.0
7172,2.0
7173,2.0
7174,2.0
7175,2.0
7176,2.0
7177,2.0
7178,2.0
7179,2.0
7180,2.0
7181,2.0
7182,2.0
7183,2.0
7184,2.0
7185,2.0
7186,2.0
7187,2.0
7188,2.0
7189,2.0
7190,2.0
7191,2.0
7192,2.0
7193,2.0
7194,2.0
7195,2.0
7196,2.0
7197,2.0
7198,2.0
7199,2.0
7200,2.0
7201,2.0
7202,2.0
7203,2.0
7204,2.0
7205,2.0
7206,2.0
7207,2.0
7208,2.0
7209,2.0
7210,2.0
7211,2.0
7212,2.0
7213,2.0
7214,2.0
7215,2.0
7216,2.0
7217,2.0
7218,2.0
7219,2.0
7220,2.0
7221,2.0
7222,2.0
7223,2.0
7224,2.0
7225,2.0
7226,2.0
7227,2.0
7228,2.0
7229,2.0
7230,2.0
7231,2.0
7232,2.0
7233,2.0
7234,2.0
7235,2.0
7236,2.0
7237,2.0
7238,2.0
7239,2.0
7240,2.0
7241,2.0
7242,2.0
7243,2.0
7244,2.0
7245,2.0
7246,2.0
7247,2.0
7248,2.0
7249,2.0
7250,2.0
7251,2.0
7252,2.0
7253,2.0
7254,2.0
7255,2.0
7256,2.0
7257,2.0
7258,2.0
7259,2.0
7260,2.0
7261,2.0
7262,2.0
7263,2.0
7264,2.0
7265,2.0
7266,2.0
7267,2.0
7268,2.0
7269,2.0
7270,2.0
7271,2.0
7272,2.0
7273,2.0
7274,2.0
7275,2.0
7276,2.0
7277,2.0
7278,2.0
7279,2.0
7280,2.0
7281,2.0
7282,2.0
7283,2.0
7284,2.0
7285,2.0
7286,2.0
7287,2.0
7288,2.0
7289,2.0
7290,2.0
7291,2.0
7292,2.0
7293,2.0
7294,2.0
7295,2.0
7296,2.0
7297,2.0
7298,2.0
7299,2.0
7300,2.0
7301,2.0
7302,2.0
7303,2.0
7304,2.0
7305,2.0
7306,2.0
7307,2.0
7308,2.0
7309,2.0
7310,2.0
7311,2.0
7312,2.0
7313,2.0
7314,2.0
7315,2.0
7316,2.0
7317,2.0
7318,2.0
7319,2.0
7320,2.0
7321,2.0
7322,2.0
7323,2.0
7324,2.0
7325,2.0
7326,2.0
7327,2.0
7328,2.0
7329,2.0
7330,2.0
7331,2.0
7332,2.0
7333,2.0
7334,2.0
7335,2.0
7336,2.0
7337,2.0
7338,2.0
7339,2.0
7340,2.0
7341,2.0
7342,2.0
7343,2.0
7344,2.0
7345,2.0
7346,2.0
7347,2.0
7348,2.0
7349,2.0
7350,2.0
7351,2.0
7352,2.0
7353,2.0
7354,2.0
7355,2.0
7356,2.0
7357,2.0
7358,2.0
7359,2.0
7360,2.0
7361,2.0
7362,2.0
7363,2.0
7364,2.0
7365,2.0
7366,2.0
7367,2.0
7368,2.0
7369,2.0
7370,2.0
7371,2.0
7372,2.0
7373,2.0
7374,2.0
7375,2.0
7376,2.0
7377,2.0
7378,2.0
7379,2.0
7380,2.0
7381,2.0
7382,2.0
7383,2.0
7384,2.0
7385,2.0
7386,2.0
7387,2.0
7388,2.0
7389,2.0
7390,2.0
7391,2.0
7392,2.0
7393,2.0
7394,2.0
7395,2.0
7396,2.0
7397,2.0
7398,2.0
7399,2.0
7400,2.0
7401,2.0
7402,2.0
7403,2.0
7404,2.0
7405,2.0
7406,2.0
7407,2.0
7408,2.0
7409,2.0
7410,2.0
7411,2.0
7412,2.0
7413,2.0
7414,2.0
7415,2.0
7416,2.0
7417,2.0
7418,2.0
7419,2.0
7420,2.0
7421,2.0
7422,2.0
7423,2.0
7424,2.0
7425,2.0
7426,2.0
7427,2.0
7428,2.0
7429,2.0
7430,2.0
7431,2.0
7432,2.0
7433,2.0
7434,2.0
7435,2.0
7436,2.0
7437,2.0
7438,2.0
7439,2.0
7440,2.0
7441,2.0
7442,2.0
7443,2.0
7444,2.0
7445,2.0
7446,2.0
7447,2.0
7448,2.0
7449,2.0
7450,2.0
7451,2.0
7452,2.0
7453,2.0
7454,2.0
7455,2.0
7456,2.0
7457,2.0
7458,2.0
7459,2.0
7460,2.0
7461,2.0
7462,2.0
7463,2.0
7464,2.0
7465,2.0
7466,2.0
7467,2.0
7468,2.0
7469,2.0
7470,2.0
7471,2.0
7472,2.0
7473,2.0
7474,2.0
7475,2.0
7476,2.0
7477,2.0
7478,2.0
7479,2.0
7480,2.0
7481,2.0
7482,2.0
7483,2.0
7484,2.0
7485,2.0
7486,2.0
7487,2.0
7488,2.0
7489,2.0
7490,2.0
7491,2.0
7492,2.0
7493,2.0
7494,2.0
7495,2.0
7496,2.0
7497,2.0
7498,2.0
7499,2.0
7500,2.0
7501,2.0
7502,2.0
7503,2.0
7504,2.0
7505,2.0
7506,2.0
7507,2.0
7508,2.0
7509,2.0
7510,2.0
7511,2.0
7512,2.0
7513,2.0
7514,2.0
7515,2.0
7516,2.0
7517,2.0
7518,2.0
7519,2.0
7520,2.0
7521,2.0
7522,2.0
7523,2.0
7524,2.0
7525,2.0
7526,2.0
7527,2.0
7528,2.0
7529,2.0
7530,2.0
7531,2.0
7532,2.0
7533,2.0
7534,2.0
7535,2.0
7536,2.0
7537,2.0
7538,2.0
7539,2.0
7540,2.0
7541,2.0
7542,2.0
7543,2.0
7544,2.0
7545,2.0
7546,2.0
7547,2.0
7548,2.0
7549,2.0
7550,2.0
7551,2.0
7552,2.0
7553,2.0
7554,2.0
7555,2.0
7556,2.0
7557,2.0
7558,2.0
7559,2.0
7560,2.0
7561,2.0
7562,2.0
7563,2.0
7564,2.0
7565,2.0
7566,2.0
7567,2.0
7568,2.0
7569,2.0
7570,2.0
7571,2.0
7572,2.0
7573,2.0
7574,2.0
7575,2.0
7576,2.0
7577,2.0
7578,2.0
7579,2.0
7580,2.0
7581,2.0
7582,2.0
7583,2.0
7584,2.0
7585,2.0
7586,2.0
7587,2.0
7588,2.0
7589,2.0
7590,2.0
7591,2.0
7592,2.0
7593,2.0
7594,2.0
7595,2.0
7596,2.0
7597,2.0
7598,2.0
7599,2.0
7600,2.0
7601,2.0
7602,2.0
7603,2.0
7604,2.0
7605,2.0
7606,2.0
7607,2.0
7608,2.0
7609,2.0
7610,2.0
7611,2.0
7612,2.0
7613,2.0
7614,2.0
7615,2.0
7616,2.0
7617,2.0
7618,2.0
7619,2.0
7620,2.0
7621,2.0
7622,2.0
7623,2.0
7624,2.0
7625,2.0
7626,2.0
7627,2.0
7628,2.0
7629,2.0
7630,2.0
7631,2.0
7632,2.0
7633,2.0
7634,2.0
7635,2.0
7636,2.0
7637,2.0
7638,2.0
7639,2.0
7640,2.0
7641,2.0
7642,2.0
7643,2.0
7644,2.0
7645,2.0
7646,2.0
7647,2.0
7648,2.0
7649,2.0
7650,2.0
7651,2.0
7652,2.0
7653,2.0
7654,2.0
7655,2.0
7656,2.0
7657,2.0
7658,2.0
7659,2.0
7660,2.0
7661,2.0
7662,2.0
7663,2.0
7664,2.0
7665,2.0
7666,2.0
7667,2.0
7668,2.0
7669,2.0
7670,2.0
7671,2.0
7672,2.0
7673,2.0
7674,2.0
7675,2.0
7676,2.0
7677,2.0
7678,2.0
7679,2.0
7680,2.0
7681,2.0
7682,2.0
7683,2.0
7684,2.0
7685,2.0
7686,2.0
7687,2.0
7688,2.0
7689,2.0
7690,2.0
7691,2.0
7692,2.0
7693,2.0
7694,2.0
7695,2.0
7696,2.0
7697,2.0
7698,2.0
7699,2.0
7700,2.0
7701,2.0
7702,2.0
7703,2.0
7704,2.0
7705,2.0
7706,2.0
7707,2.0
7708,2.0
7709,2.0
7710,2.0
7711,2.0
7712,2.0
7713,2.0
7714,2.0
7715,2.0
7716,2.0
7717,2.0
7718,2.0
7719,2.0
7720,2.0
7721,2.0
7722,2.0
7723,2.0
7724,2.0
7725,2.0
7726,2.0
7727,2.0
7728,2.0
7729,2.0
7730,2.0
7731,2.0
7732,2.0
7733,2.0
7734,2.0
7735,2.0
7736,2.0
7737,2.0
7738,2.0
7739,2.0
7740,2.0
7741,2.0
7742,2.0
7743,2.0
7744,2.0
7745,2.0
7746,2.0
7747,2.0
7748,2.0
7749,2.0
7750,2.0
7751,2.0
7752,2.0
7753,2.0
7754,2.0
7755,2.0
7756,2.0
7757,2.0
7758,2.0
7759,2.0
7760,2.0
7761,2.0
7762,2.0
7763,2.0
7764,2.0
7765,2.0
7766,2.0
7767,2.0
7768,2.0
7769,2.0
7770,2.0
7771,2.0
7772,2.0
7773,2.0
7774,2.0
7775,2.0
7776,2.0
7777,2.0
7778,2.0
7779,2.0
7780,2.0
7781,2.0
7782,2.0
7783,2.0
7784,2.0
7785,2.0
7786,2.0
7787,2.0
7788,2.0
7789,2.0
7790,2.0
7791,2.0
7792,2.0
7793,2.0
7794,2.0
7795,2.0
7796,2.0
7797,2.0
7798,2.0
7799,2.0
7800,2.0
7801,2.0
7802,2.0
7803,2.0
7804,2.0
7805,2.0
7806,2.0
7807,2.0
7808,2.0
7809,2.0
7810,2.0
7811,2.0
7812,2.0
7813,2.0
7814,2.0
7815,2.0
7816,2.0
7817,2.0
7818,2.0
7819,2.0
7820,2.0
7821,2.0
7822,2.0
7823,2.0
7824,2.0
7825,2.0
7826,2.0
7827,2.0
7828,2.0
7829,2.0
7830,2.0
7831,2.0
7832,2.0
7833,2.0
7834,2.0
7835,2.0
7836,2.0
7837,2.0
7838,2.0
7839,2.0
7840,2.0
7841,2.0
7842,2.0
7843,2.0
7844,2.0
7845,2.0
7846,2.0
7847,2.0
7848,2.0
7849,2.0
7850,2.0
7851,2.0
7852,2.0
7853,2.0
7854,2.0
7855,2.0
7856,2.0
7857,2.0
7858,2.0
7859,2.0
7860,2.0
7861,2.0
7862,2.0
7863,2.0
7864,2.0
7865,2.0
7866,2.0
7867,2.0
7868,2.0
7869,2.0
7870,2.0
7871,2.0
7872,2.0
7873,2.0
7874,2.0
7875,2.0
7876,2.0
7877,2.0
7878,2.0
7879,2.0
7880,2.0
7881,2.0
7882,2.0
7883,2.0
7884,2.0
7885,2.0
7886,2.0
7887,2.0
7888,2.0
7889,2.0
7890,2.0
7891,2.0
7892,2.0
7893,2.0
7894,2.0
7895,2.0
7896,2.0
7897,2.0
7898,2.0
7899,2.0
7900,2.0
7901,2.0
7902,2.0
7903,2.0
7904,2.0
7905,2.0
7906,2.0
7907,2.0
7908,2.0
7909,2.0
7910,2.0
7911,2.0
7912,2.0
7913,2.0
7914,2.0
7915,2.0
7916,2.0
7917,2.0
7918,2.0
7919,2.0
7920,2.0
7921,2.0
7922,2.0
7923,2.0
7924,2.0
7925,2.0
7926,2.0
7927,2.0
7928,2.0
7929,2.0
7930,2.0
7931,2.0
7932,2.0
7933,2.0
7934,2.0
7935,2.0
7936,2.0
7937,2.0
7938,2.0
7939,2.0
7940,2.0
7941,2.0
7942,2.0
7943,2.0
7944,2.0
7945,2.0
7946,2.0
7947,2.0
7948,2.0
7949,2.0
7950,2.0
7951,2.0
7952,2.0
7953,2.0
7954,2.0
7955,2.0
7956,2.0
7957,2.0
7958,2.0
7959,2.0
7960,2.0
7961,2.0
7962,2.0
7963,2.0
7964,2.0
7965,2.0
7966,2.0
7967,2.0
7968,2.0
7969,2.0
7970,2.0
7971,2.0
7972,2.0
7973,2.0
7974,2.0
7975,2.0
7976,2.0
7977,2.0
7978,2.0
7979,2.0
7980,2.0
7981,2.0
7982,2.0
7983,2.0
7984,2.0
7985,2.0
7986,2.0
7987,2.0
7988,2.0
7989,2.0
7990,2.0
7991,2.0
7992,2.0
7993,2.0
7994,2.0
7995,2.0
7996,2.0
7997,2.0
7998,2.0
7999,2.0
